map,agent_1,agent_2,agent_3,agent_4,agent_5,win_rate,wins,rounds
Abyss,Sova,Jett,Astra,Gekko,Tejo,86.67,13,15
Abyss,Breach,Sova,Yoru,Astra,Chamber,81.25,13,16
Abyss,Sova,Yoru,Astra,Chamber,Deadlock,76.47,13,17
Abyss,Sova,Yoru,Astra,Chamber,Veto,76.47,13,17
Abyss,Jett,Astra,KAY/O,Fade,Clove,76.47,13,17
Abyss,Cypher,Sova,Jett,Astra,Tejo,76.47,13,17
Abyss,Jett,Astra,Neon,Gekko,Vyse,76.47,13,17
Abyss,Breach,Sova,Jett,Chamber,Clove,76.47,13,17
Abyss,Sova,Skye,Yoru,Chamber,Clove,76.47,13,17
Abyss,Sova,Yoru,Astra,Clove,Waylay,74.29,26,35
Abyss,Breach,Omen,Astra,Tejo,Waylay,72.22,13,18
Abyss,Brimstone,Yoru,Astra,Tejo,Waylay,72.22,13,18
Abyss,Sova,Sage,Omen,Yoru,Astra,72.22,13,18
Abyss,Sova,Chamber,Iso,Clove,Waylay,72.22,13,18
Abyss,Omen,Yoru,Chamber,Fade,Harbor,72.22,13,18
Abyss,Sova,Harbor,Clove,Vyse,Waylay,72.22,13,18
Abyss,Breach,Omen,Chamber,Tejo,Waylay,69.64,39,56
Abyss,Breach,Sova,Jett,Astra,Chamber,68.42,13,19
Abyss,Sova,Jett,Astra,Chamber,Neon,68.42,13,19
Abyss,Breach,Sova,Clove,Vyse,Waylay,68.42,13,19
Abyss,Sova,Skye,Omen,Yoru,Waylay,68.42,13,19
Abyss,Sova,Sage,Yoru,Astra,Chamber,66.1,39,59
Abyss,Breach,Astra,Neon,Tejo,Veto,65.0,13,20
Abyss,Sova,Viper,Astra,Tejo,Waylay,65.0,26,40
Abyss,Cypher,Sova,Omen,Jett,Chamber,65.0,13,20
Abyss,Sova,Viper,Omen,Chamber,Waylay,65.0,13,20
Abyss,Sova,Omen,Jett,Yoru,Clove,65.0,13,20
Abyss,Sova,Jett,Yoru,Clove,Veto,65.0,13,20
Abyss,Sova,Viper,Omen,Jett,Neon,65.0,13,20
Abyss,Sova,Jett,Astra,Waylay,Veto,64.29,27,42
Abyss,Sova,Skye,Jett,Chamber,Clove,62.79,27,43
Abyss,Jett,Reyna,Astra,Chamber,Tejo,61.9,13,21
Abyss,Sova,Omen,Astra,Chamber,Waylay,61.9,26,42
Abyss,Cypher,Jett,Reyna,Astra,Tejo,61.9,13,21
Abyss,Sova,Jett,Astra,Deadlock,Vyse,61.9,26,42
Abyss,Sova,Omen,Yoru,Astra,Tejo,61.9,13,21
Abyss,Sova,Phoenix,Yoru,Astra,Chamber,61.83,115,186
Abyss,Sova,Astra,Tejo,Waylay,Veto,61.54,40,65
Abyss,Sova,Omen,Jett,Yoru,Astra,61.36,54,88
Abyss,Sova,Omen,Yoru,Clove,Waylay,60.98,75,123
Abyss,Breach,Sova,Yoru,Astra,Waylay,60.78,31,51
Abyss,Sova,Jett,Astra,Neon,Vyse,60.47,26,43
Abyss,Sova,Yoru,Astra,Tejo,Waylay,60.0,45,75
Abyss,Sova,Phoenix,Jett,Astra,Veto,59.68,37,62
Abyss,Sova,Killjoy,Viper,Yoru,Astra,59.28,99,167
Abyss,Sova,Killjoy,Sage,Jett,Astra,59.09,13,22
Abyss,Breach,Sova,Omen,Yoru,Chamber,59.09,13,22
Abyss,Sova,KAY/O,Harbor,Clove,Waylay,59.09,13,22
Abyss,Sova,Omen,Harbor,Vyse,Waylay,59.09,13,22
Abyss,Sova,Omen,Yoru,Iso,Vyse,59.09,13,22
Abyss,Sova,Viper,Omen,Tejo,Waylay,58.79,117,199
Abyss,Sova,Omen,Yoru,Harbor,Vyse,58.33,21,36
Abyss,Sova,Yoru,Astra,KAY/O,Waylay,57.58,19,33
Abyss,Sova,Yoru,Astra,Harbor,Waylay,57.52,65,113
Abyss,Sova,Astra,Chamber,Tejo,Waylay,57.5,23,40
Abyss,Sage,Jett,Astra,Fade,Clove,57.14,52,91
Abyss,Sova,Astra,KAY/O,Waylay,Veto,57.14,100,175
Abyss,Breach,Jett,Astra,Chamber,Tejo,56.52,13,23
Abyss,Sova,Skye,Yoru,Astra,Veto,56.52,13,23
Abyss,Harbor,Deadlock,Iso,Clove,Waylay,56.52,13,23
Abyss,Cypher,Sova,Omen,Jett,Veto,56.52,13,23
Abyss,Sova,Viper,Omen,Jett,Tejo,56.52,13,23
Abyss,Cypher,Sova,Jett,Astra,Waylay,56.1,46,82
Abyss,Sova,Omen,Yoru,Chamber,Iso,56.1,23,41
Abyss,Sova,Jett,Chamber,Iso,Clove,55.88,19,34
Abyss,Sova,Jett,Astra,KAY/O,Veto,55.81,24,43
Abyss,Sova,Omen,Jett,Waylay,Veto,55.81,24,43
Abyss,Breach,Sova,Astra,Waylay,Veto,55.5,111,200
Abyss,Sova,Omen,Yoru,Astra,Veto,55.45,61,110
Abyss,Sova,Omen,Astra,Tejo,Waylay,55.19,202,366
Abyss,Sova,Yoru,Astra,KAY/O,Chamber,55.17,32,58
Abyss,Sova,Yoru,KAY/O,Chamber,Clove,54.93,39,71
Abyss,Sova,Yoru,Astra,Deadlock,Waylay,54.84,34,62
Abyss,Sova,Jett,Astra,KAY/O,Chamber,54.63,348,637
Abyss,Sova,Phoenix,Omen,Jett,Chamber,54.35,25,46
Abyss,Cypher,Sova,Yoru,Astra,Waylay,54.34,269,495
Abyss,Breach,Cypher,Sova,Omen,Waylay,54.22,45,83
Abyss,Sova,Omen,Astra,Chamber,Neon,54.17,13,24
Abyss,Yoru,Astra,Chamber,Tejo,Waylay,54.17,13,24
Abyss,Sova,Chamber,Neon,Gekko,Clove,54.17,13,24
Abyss,Cypher,Sova,Omen,Jett,Waylay,54.17,13,24
Abyss,Sova,Omen,Yoru,Neon,Waylay,54.17,13,24
Abyss,Breach,Sova,Yoru,Astra,Veto,54.05,60,111
Abyss,Sova,Jett,Astra,KAY/O,Vyse,54.0,81,150
Abyss,Sova,Viper,Yoru,Astra,Waylay,54.0,81,150
Abyss,Sova,Astra,Harbor,Tejo,Waylay,53.85,14,26
Abyss,Sova,Omen,Neon,Deadlock,Waylay,53.66,22,41
Abyss,Sova,Viper,Phoenix,KAY/O,Iso,53.57,15,28
Abyss,Sova,Omen,Jett,KAY/O,Vyse,53.57,30,56
Abyss,Sova,Yoru,Chamber,Clove,Veto,53.33,16,30
Abyss,Cypher,Sova,Jett,Astra,KAY/O,52.98,231,436
Abyss,Cypher,Sova,Omen,Neon,Waylay,52.94,18,34
Abyss,Sova,Brimstone,Yoru,Astra,Waylay,52.87,92,174
Abyss,Sova,Omen,Jett,Astra,KAY/O,52.87,92,174
Abyss,Sova,Omen,Chamber,Clove,Waylay,52.63,20,38
Abyss,Sova,Jett,Astra,Chamber,Waylay,52.44,43,82
Abyss,Cypher,Sova,Jett,Yoru,Astra,52.44,43,82
Abyss,Sova,Phoenix,Omen,Chamber,Waylay,52.42,65,124
Abyss,Jett,Yoru,Astra,Tejo,Veto,52.27,23,44
Abyss,Sova,Jett,Reyna,Astra,Chamber,52.08,25,48
Abyss,Sova,Yoru,Astra,Waylay,Veto,51.52,711,1380
Abyss,Sova,Yoru,Chamber,Clove,Waylay,51.49,69,134
Abyss,Sova,Omen,Astra,KAY/O,Waylay,51.34,268,522
Abyss,Sova,Astra,KAY/O,Chamber,Waylay,51.09,187,366
Abyss,Sova,Jett,Astra,KAY/O,Deadlock,51.06,24,47
Abyss,Sova,Omen,Yoru,Vyse,Waylay,50.56,45,89
Abyss,Sova,Jett,Astra,Chamber,Iso,50.56,136,269
Abyss,Sova,Omen,Jett,Chamber,Clove,50.53,48,95
Abyss,Sova,Jett,Yoru,Astra,Veto,50.3,169,336
Abyss,Sova,Omen,Yoru,Chamber,Waylay,50.18,136,271
Abyss,Breach,Cypher,Sova,Astra,Waylay,50.0,46,92
Abyss,Breach,Astra,Chamber,Tejo,Waylay,50.0,270,540
Abyss,Cypher,Sova,Omen,KAY/O,Waylay,50.0,39,78
Abyss,Sova,Astra,Chamber,Clove,Waylay,50.0,18,36
Abyss,Astra,KAY/O,Chamber,Tejo,Waylay,50.0,115,230
Abyss,Sova,KAY/O,Chamber,Clove,Waylay,50.0,24,48
Abyss,Sova,Sage,Jett,Deadlock,Clove,50.0,3,6
Abyss,Cypher,Omen,Jett,Yoru,Tejo,50.0,2,4
Abyss,Sova,Skye,Omen,Vyse,Waylay,50.0,3,6
Abyss,Sova,Omen,Jett,Yoru,Chamber,49.76,103,207
Abyss,Sova,Omen,Yoru,Astra,Waylay,49.36,193,391
Abyss,Breach,Sova,Astra,Chamber,Waylay,49.14,86,175
Abyss,Sova,Yoru,Astra,Chamber,Tejo,49.09,54,110
Abyss,Breach,Cypher,Astra,Tejo,Waylay,49.0,49,100
Abyss,Sova,Omen,Yoru,Astra,Chamber,48.91,67,137
Abyss,Breach,Sova,Viper,Astra,Waylay,48.89,44,90
Abyss,Breach,Sova,Astra,Harbor,Waylay,48.84,21,43
Abyss,Brimstone,Omen,KAY/O,Tejo,Waylay,47.6,99,208
Abyss,Sova,Yoru,Astra,Deadlock,Tejo,47.5,19,40
Abyss,Omen,Astra,KAY/O,Tejo,Waylay,47.5,19,40
Abyss,Sova,Phoenix,Jett,Astra,Chamber,46.97,31,66
Abyss,Sova,Skye,Jett,Astra,Chamber,46.88,15,32
Abyss,Cypher,Sova,Omen,Yoru,Waylay,46.82,125,267
Abyss,Sova,Skye,Astra,Chamber,Waylay,46.55,27,58
Abyss,Sova,Skye,Yoru,Astra,Waylay,46.5,93,200
Abyss,Sova,Skye,Jett,Astra,Deadlock,46.43,13,28
Abyss,Breach,Yoru,Astra,Tejo,Waylay,46.43,52,112
Abyss,Breach,Cypher,Jett,Yoru,Clove,46.43,13,28
Abyss,Sova,Yoru,Astra,Chamber,Iso,46.34,38,82
Abyss,Sova,Jett,Yoru,Astra,Chamber,46.27,192,415
Abyss,Sova,Omen,Yoru,Chamber,Harbor,46.23,49,106
Abyss,Sova,Omen,Chamber,Neon,Vyse,46.15,12,26
Abyss,Sova,Skye,Omen,Jett,Chamber,46.15,12,26
Abyss,Sova,Omen,KAY/O,Chamber,Waylay,46.15,12,26
Abyss,Sova,Yoru,Clove,Vyse,Waylay,46.15,12,26
Abyss,Sova,Yoru,Astra,Chamber,Waylay,46.14,389,843
Abyss,Breach,Astra,Tejo,Waylay,Veto,46.12,95,206
Abyss,Sova,Jett,Astra,Chamber,Deadlock,46.03,29,63
Abyss,Sova,Phoenix,Astra,Chamber,Waylay,45.83,11,24
Abyss,Sova,Omen,Yoru,Harbor,Waylay,45.83,22,48
Abyss,Sova,Omen,Yoru,Neon,Vyse,45.45,20,44
Abyss,Sova,Jett,Yoru,Astra,Clove,45.45,30,66
Abyss,Sova,Yoru,Astra,Chamber,Vyse,45.24,19,42
Abyss,Sova,Jett,Astra,Chamber,Tejo,45.16,14,31
Abyss,Sova,Omen,Yoru,Waylay,Veto,45.1,23,51
Abyss,Breach,Sova,Jett,Astra,Tejo,44.68,21,47
Abyss,Sova,Yoru,Astra,Chamber,Harbor,44.68,21,47
Abyss,Reyna,Astra,Chamber,Clove,Waylay,43.56,44,101
Abyss,Cypher,Sova,Jett,Astra,Clove,43.48,10,23
Abyss,Breach,Sova,Omen,Chamber,Waylay,43.48,10,23
Abyss,Breach,Sova,Omen,Astra,Waylay,43.48,10,23
Abyss,Sova,Skye,Astra,Vyse,Waylay,43.48,10,23
Abyss,Sova,Skye,Chamber,Clove,Waylay,43.48,10,23
Abyss,Breach,Sova,Omen,Harbor,Waylay,43.24,16,37
Abyss,Jett,Astra,Chamber,Vyse,Tejo,42.86,3,7
Abyss,Sova,Sage,Jett,Astra,Vyse,42.86,3,7
Abyss,Breach,Sova,Omen,Jett,Chamber,42.86,3,7
Abyss,Sova,Omen,Jett,Yoru,Vyse,42.86,3,7
Abyss,Sova,Astra,Chamber,Vyse,Waylay,42.86,3,7
Abyss,Sova,Jett,Yoru,Astra,Vyse,42.35,36,85
Abyss,Viper,Astra,KAY/O,Tejo,Waylay,42.22,19,45
Abyss,Cypher,Sova,Astra,Clove,Waylay,40.91,9,22
Abyss,Cypher,Jett,Astra,KAY/O,Tejo,40.91,9,22
Abyss,Sova,Yoru,Astra,KAY/O,Veto,40.91,18,44
Abyss,Sova,Yoru,Astra,Neon,Veto,40.91,9,22
Abyss,Sova,Yoru,Chamber,Harbor,Clove,40.91,9,22
Abyss,Sova,Omen,Jett,Astra,Chamber,40.91,9,22
Abyss,Sova,Viper,Yoru,Astra,Chamber,40.91,9,22
Abyss,Sova,Jett,Yoru,Chamber,Clove,40.0,16,40
Abyss,Cypher,Sova,Yoru,Astra,Chamber,40.0,2,5
Abyss,Sova,Skye,Yoru,Clove,Vyse,40.0,2,5
Abyss,Sova,Omen,Jett,Neon,Veto,40.0,2,5
Abyss,Sova,Omen,Jett,KAY/O,Veto,39.53,17,43
Abyss,Sova,Phoenix,Omen,Yoru,Waylay,39.02,16,41
Abyss,Cypher,Sova,Astra,Tejo,Waylay,38.1,8,21
Abyss,Brimstone,Skye,Jett,Chamber,Clove,38.1,8,21
Abyss,Sova,Viper,Omen,Yoru,Iso,38.1,16,42
Abyss,Cypher,Sova,Yoru,Astra,Neon,38.1,16,42
Abyss,Cypher,Sova,Omen,Jett,Yoru,38.1,8,21
Abyss,Sova,Killjoy,Neon,Harbor,Waylay,38.1,16,42
Abyss,Sova,Astra,Gekko,Vyse,Waylay,38.1,8,21
Abyss,Jett,Astra,KAY/O,Deadlock,Tejo,36.59,15,41
Abyss,Sova,Astra,Chamber,Iso,Waylay,35.0,7,20
Abyss,Jett,Yoru,Astra,KAY/O,Deadlock,35.0,7,20
Abyss,Sova,Skye,Jett,Yoru,Astra,35.0,7,20
Abyss,Raze,Omen,Reyna,Astra,Tejo,35.0,7,20
Abyss,Sova,Omen,Yoru,Deadlock,Vyse,35.0,7,20
Abyss,Sova,Yoru,Astra,Harbor,Veto,35.0,7,20
Abyss,Sova,Omen,Jett,KAY/O,Harbor,35.0,7,20
Abyss,Sova,Astra,KAY/O,Vyse,Waylay,33.9,20,59
Abyss,Breach,Sova,Jett,Astra,Waylay,33.33,11,33
Abyss,Breach,Yoru,Astra,Tejo,Veto,33.33,13,39
Abyss,Breach,Jett,Yoru,Astra,Tejo,33.33,4,12
Abyss,Sova,Astra,Chamber,Neon,Tejo,33.33,2,6
Abyss,Sova,Killjoy,Yoru,Astra,Waylay,33.33,1,3
Abyss,Sova,Astra,Vyse,Tejo,Waylay,33.33,4,12
Abyss,Sova,Omen,Yoru,KAY/O,Chamber,33.33,4,12
Abyss,Sova,Omen,Yoru,Chamber,Tejo,33.33,2,6
Abyss,Breach,Cypher,Sova,Jett,Astra,33.33,4,12
Abyss,Breach,Cypher,Jett,Astra,Tejo,33.33,4,12
Abyss,Breach,Cypher,Omen,Tejo,Waylay,33.33,1,3
Abyss,Cypher,Sova,Omen,Iso,Waylay,33.33,4,12
Abyss,Sova,Jett,Chamber,Clove,Waylay,33.33,4,12
Abyss,Sova,Yoru,Astra,Vyse,Waylay,32.86,23,70
Abyss,Yoru,Astra,KAY/O,Tejo,Waylay,31.58,6,19
Abyss,Breach,Sova,Astra,Vyse,Waylay,27.78,10,36
Abyss,Raze,Phoenix,Omen,Reyna,Neon,27.78,5,18
Abyss,Cypher,Sova,Astra,KAY/O,Waylay,27.78,15,54
Abyss,Cypher,Sova,Jett,Reyna,Astra,23.53,4,17
Abyss,Sova,Omen,Vyse,Waylay,Veto,23.53,4,17
Abyss,Sova,Jett,Astra,Vyse,Waylay,18.75,3,16
Abyss,Brimstone,Astra,KAY/O,Tejo,Waylay,0.0,0,13
Ascent,Skye,Astra,Chamber,Neon,Tejo,100.0,9,9
Ascent,Raze,Skye,Chamber,Neon,Tejo,100.0,3,3
Ascent,Viper,Skye,Omen,Jett,Neon,100.0,3,3
Ascent,Sova,Omen,Chamber,Deadlock,Waylay,86.67,13,15
Ascent,Sova,Killjoy,Skye,Clove,Waylay,76.47,13,17
Ascent,Skye,Jett,Chamber,Neon,Harbor,75.0,3,4
Ascent,Raze,Skye,Jett,Neon,Harbor,66.67,2,3
Ascent,Breach,Phoenix,Omen,Yoru,Deadlock,65.0,13,20
Ascent,Sova,Omen,Jett,KAY/O,Chamber,63.51,47,74
Ascent,Skye,Jett,KAY/O,Chamber,Clove,61.9,13,21
Ascent,Sova,Skye,Omen,Chamber,Waylay,61.9,13,21
Ascent,Sova,Omen,Yoru,Chamber,Vyse,61.9,13,21
Ascent,Cypher,Skye,Fade,Clove,Vyse,61.9,13,21
Ascent,Raze,Phoenix,Yoru,Fade,Clove,61.9,13,21
Ascent,Sova,Killjoy,Jett,Yoru,Clove,59.09,13,22
Ascent,Sova,Omen,Jett,Reyna,KAY/O,59.09,13,22
Ascent,Breach,Brimstone,Yoru,Chamber,Neon,56.52,13,23
Ascent,Breach,Killjoy,Skye,Omen,Jett,56.52,13,23
Ascent,Sova,Omen,Jett,Chamber,Deadlock,56.52,13,23
Ascent,Phoenix,Omen,Jett,Reyna,Tejo,56.52,13,23
Ascent,Cypher,Reyna,Astra,Chamber,Iso,54.17,13,24
Ascent,Breach,Phoenix,Omen,Jett,Fade,54.17,13,24
Ascent,Cypher,Sova,Omen,Jett,Yoru,54.17,26,48
Ascent,Omen,Fade,Iso,Vyse,Tejo,54.17,13,24
Ascent,Sova,Omen,Yoru,Chamber,Waylay,53.85,14,26
Ascent,Cypher,Sova,Jett,Clove,Waylay,53.57,15,28
Ascent,Sova,Killjoy,Omen,Jett,KAY/O,48.68,37,76
Ascent,Sova,Omen,Yoru,Chamber,Deadlock,46.15,12,26
Ascent,Reyna,Yoru,Astra,Neon,Veto,45.83,11,24
Ascent,Killjoy,Jett,Reyna,Chamber,Harbor,45.83,11,24
Ascent,Sova,Sage,Neon,Deadlock,Clove,45.83,11,24
Ascent,Sova,Killjoy,Viper,Yoru,Waylay,45.83,11,24
Ascent,Sova,Astra,Fade,Iso,Vyse,43.48,10,23
Ascent,Cypher,Sage,Fade,Deadlock,Clove,43.48,10,23
Ascent,Cypher,Sova,Skye,Harbor,Waylay,43.48,10,23
Ascent,Sova,Killjoy,Omen,Yoru,Waylay,43.48,10,23
Ascent,Cypher,Sova,Omen,Iso,Waylay,40.91,9,22
Ascent,Sova,Killjoy,Omen,Jett,Yoru,40.32,25,62
Ascent,Sova,Viper,Sage,Chamber,Waylay,38.1,8,21
Ascent,Cypher,Sova,Jett,Harbor,Iso,38.1,8,21
Ascent,Phoenix,Omen,Yoru,Iso,Tejo,38.1,8,21
Ascent,Sova,Omen,Jett,Yoru,Vyse,38.1,8,21
Ascent,Sova,Jett,Yoru,Clove,Vyse,35.0,7,20
Ascent,Cypher,Viper,Jett,Reyna,Fade,35.0,7,20
Ascent,Cypher,Sova,Omen,KAY/O,Waylay,35.0,7,20
Ascent,Skye,Jett,KAY/O,Chamber,Waylay,33.33,1,3
Ascent,Sova,Phoenix,Omen,Jett,Vyse,31.58,6,19
Ascent,Killjoy,Phoenix,Neon,Harbor,Tejo,25.0,1,4
Ascent,Cypher,Sova,Omen,Jett,KAY/O,23.53,4,17
Ascent,Cypher,Sova,Skye,Clove,Waylay,13.33,2,15
Ascent,Sova,Skye,Jett,Chamber,Iso,0.0,0,3
Ascent,Phoenix,Jett,Chamber,Neon,Waylay,0.0,0,9
Ascent,Sova,Skye,Jett,Neon,Waylay,0.0,0,3
Bind,Raze,Brimstone,Reyna,Deadlock,Veto,100.0,13,13
Bind,Brimstone,Skye,Fade,Waylay,Veto,100.0,13,13
Bind,Raze,Skye,Astra,Chamber,Fade,92.86,13,14
Bind,Raze,Sova,Brimstone,Phoenix,Deadlock,86.67,13,15
Bind,Raze,Viper,Brimstone,Skye,Fade,86.67,13,15
Bind,Raze,Sova,Viper,Brimstone,Yoru,86.67,13,15
Bind,Skye,Jett,Reyna,Chamber,Clove,86.67,13,15
Bind,Raze,Viper,Fade,Clove,Veto,86.67,13,15
Bind,Raze,Brimstone,Reyna,Yoru,Vyse,81.25,26,32
Bind,Sova,Brimstone,Phoenix,Yoru,Tejo,81.25,13,16
Bind,Raze,Viper,Omen,Chamber,Fade,81.25,13,16
Bind,Viper,Jett,Reyna,Yoru,Clove,81.25,13,16
Bind,Brimstone,Jett,Chamber,Fade,Iso,76.47,13,17
Bind,Brimstone,Reyna,Yoru,Clove,Veto,76.47,13,17
Bind,Brimstone,Skye,Yoru,Fade,Deadlock,76.47,26,34
Bind,Viper,Reyna,Clove,Vyse,Waylay,76.47,13,17
Bind,Cypher,Viper,Sage,Jett,Fade,76.47,13,17
Bind,Raze,Cypher,Reyna,Yoru,Clove,75.0,9,12
Bind,Viper,Brimstone,Reyna,Neon,Waylay,73.86,65,88
Bind,Brimstone,Jett,Reyna,Chamber,Tejo,72.22,13,18
Bind,Brimstone,Phoenix,Skye,Fade,Clove,72.22,13,18
Bind,Brimstone,Reyna,Yoru,Iso,Clove,72.22,13,18
Bind,Brimstone,KAY/O,Deadlock,Tejo,Waylay,72.22,13,18
Bind,Jett,Chamber,Fade,Harbor,Deadlock,72.22,13,18
Bind,Cypher,Sage,Fade,Deadlock,Clove,72.22,13,18
Bind,Viper,Skye,Yoru,Fade,Clove,72.22,13,18
Bind,Viper,Reyna,Iso,Clove,Waylay,71.43,10,14
Bind,Viper,Brimstone,Reyna,Neon,Deadlock,70.27,26,37
Bind,Raze,Brimstone,KAY/O,Harbor,Deadlock,70.0,7,10
Bind,Raze,Viper,Reyna,Astra,Chamber,68.42,13,19
Bind,Breach,Raze,Viper,Brimstone,Tejo,68.42,13,19
Bind,Brimstone,Yoru,Chamber,Fade,Deadlock,68.42,13,19
Bind,Brimstone,Yoru,Fade,Vyse,Waylay,68.42,26,38
Bind,Raze,Viper,Brimstone,Skye,Reyna,68.42,13,19
Bind,Raze,Sova,Brimstone,Phoenix,Tejo,68.42,13,19
Bind,Sage,Reyna,Yoru,Chamber,Clove,68.42,13,19
Bind,Raze,Skye,Omen,Fade,Veto,68.42,13,19
Bind,Viper,Yoru,Neon,Fade,Clove,67.24,39,58
Bind,Brimstone,Yoru,Neon,Fade,Clove,66.67,8,12
Bind,Raze,Jett,Reyna,Clove,Veto,66.67,8,12
Bind,Raze,Sage,Skye,Neon,Clove,66.67,8,12
Bind,Raze,Viper,Jett,Astra,Fade,65.0,13,20
Bind,Cypher,Viper,Brimstone,Jett,Fade,65.0,13,20
Bind,Raze,Brimstone,Phoenix,Reyna,Tejo,65.0,26,40
Bind,Raze,Viper,Chamber,Fade,Clove,65.0,13,20
Bind,Raze,Sova,Yoru,Deadlock,Clove,65.0,13,20
Bind,Raze,Brimstone,Phoenix,Reyna,Chamber,63.41,26,41
Bind,Cypher,Brimstone,Yoru,Fade,Waylay,62.5,35,56
Bind,Raze,Viper,Reyna,Clove,Waylay,62.5,5,8
Bind,Viper,Omen,Yoru,Fade,Waylay,62.5,5,8
Bind,Raze,Brimstone,Chamber,Fade,Tejo,61.9,13,21
Bind,Viper,Brimstone,Skye,Yoru,Fade,61.9,26,42
Bind,Raze,Viper,Jett,Reyna,Clove,61.9,13,21
Bind,Raze,Fade,Harbor,Iso,Tejo,61.9,13,21
Bind,Sage,Reyna,Deadlock,Clove,Waylay,61.54,8,13
Bind,Raze,Viper,Reyna,Yoru,Clove,60.44,55,91
Bind,Viper,Brimstone,Yoru,Fade,Tejo,60.19,127,211
Bind,Viper,Reyna,Yoru,Chamber,Clove,60.19,62,103
Bind,Raze,Yoru,Chamber,Fade,Clove,60.0,60,100
Bind,Yoru,Astra,Fade,Deadlock,Tejo,60.0,6,10
Bind,Skye,Reyna,Neon,Deadlock,Clove,60.0,3,5
Bind,Viper,Brimstone,Yoru,Neon,Fade,59.74,46,77
Bind,Raze,Viper,Fade,Deadlock,Clove,59.57,28,47
Bind,Brimstone,Yoru,Fade,Deadlock,Tejo,59.55,106,178
Bind,Raze,Cypher,Omen,Yoru,Fade,59.46,22,37
Bind,Viper,Yoru,Astra,Fade,Tejo,59.33,159,268
Bind,Raze,Viper,Reyna,Clove,Tejo,59.26,32,54
Bind,Brimstone,Phoenix,Fade,Deadlock,Clove,59.09,13,22
Bind,Cypher,Brimstone,Skye,Fade,Waylay,59.09,13,22
Bind,Brimstone,Phoenix,Fade,Vyse,Waylay,59.09,13,22
Bind,Raze,Brimstone,Reyna,Harbor,Iso,59.09,13,22
Bind,Viper,Brimstone,Reyna,Yoru,Neon,59.09,13,22
Bind,Raze,Yoru,Chamber,Clove,Tejo,59.09,13,22
Bind,Skye,Reyna,Chamber,Clove,Waylay,59.09,13,22
Bind,Raze,Yoru,Fade,Deadlock,Clove,59.09,13,22
Bind,Raze,Viper,Fade,Clove,Tejo,59.09,39,66
Bind,Viper,Brimstone,Reyna,Yoru,Iso,58.33,7,12
Bind,Raze,Viper,Reyna,Fade,Clove,58.33,7,12
Bind,Viper,Phoenix,Fade,Clove,Waylay,58.33,7,12
Bind,Raze,Sova,Killjoy,Brimstone,Yoru,58.33,7,12
Bind,Jett,Reyna,Yoru,Chamber,Clove,58.33,7,12
Bind,Raze,Skye,KAY/O,Chamber,Clove,58.33,7,12
Bind,Raze,Reyna,Chamber,Clove,Tejo,58.33,7,12
Bind,Viper,Skye,Reyna,Yoru,Clove,58.33,7,12
Bind,Raze,Viper,Brimstone,Fade,Tejo,58.2,188,323
Bind,Breach,Viper,Brimstone,Fade,Deadlock,57.89,22,38
Bind,Viper,Brimstone,Reyna,Gekko,Waylay,57.36,74,129
Bind,Raze,Viper,Brimstone,Fade,Waylay,57.14,36,63
Bind,Viper,Reyna,Yoru,Astra,Waylay,57.14,4,7
Bind,Viper,Brimstone,Fade,Deadlock,Waylay,56.67,34,60
Bind,Viper,Brimstone,Jett,Reyna,Chamber,56.52,13,23
Bind,Sova,Viper,Brimstone,Yoru,Chamber,56.52,13,23
Bind,Brimstone,KAY/O,Fade,Vyse,Waylay,56.52,13,23
Bind,Viper,Brimstone,Phoenix,Reyna,Waylay,56.52,13,23
Bind,Reyna,Chamber,Iso,Clove,Waylay,56.52,13,23
Bind,Raze,Cypher,Omen,Reyna,Waylay,56.52,13,23
Bind,Raze,Viper,Yoru,Fade,Clove,56.38,106,188
Bind,Raze,Viper,Brimstone,Reyna,Veto,56.25,135,240
Bind,Viper,Reyna,Chamber,Clove,Waylay,56.16,82,146
Bind,Raze,Reyna,Yoru,Chamber,Clove,55.7,44,79
Bind,Raze,Jett,Reyna,Astra,Chamber,55.56,45,81
Bind,Reyna,Yoru,Deadlock,Clove,Waylay,55.56,5,9
Bind,Raze,Cypher,Brimstone,Reyna,Deadlock,55.36,31,56
Bind,Raze,Viper,Skye,Reyna,Clove,55.22,37,67
Bind,Yoru,Fade,Clove,Waylay,Veto,55.17,32,58
Bind,Raze,Brimstone,Reyna,Fade,Harbor,54.9,28,51
Bind,Raze,Reyna,Chamber,Clove,Waylay,54.84,68,124
Bind,Viper,Astra,KAY/O,Fade,Waylay,54.66,88,161
Bind,Raze,Viper,Brimstone,Reyna,Gekko,54.55,114,209
Bind,Raze,Skye,Chamber,Fade,Clove,54.55,6,11
Bind,Viper,Yoru,Fade,Clove,Waylay,54.46,287,527
Bind,Raze,Reyna,Chamber,Fade,Clove,54.39,31,57
Bind,Raze,Cypher,Sova,Yoru,Astra,54.17,13,24
Bind,Brimstone,Yoru,Chamber,Neon,Fade,54.17,13,24
Bind,Brimstone,Reyna,Chamber,Tejo,Waylay,54.17,13,24
Bind,Viper,Brimstone,Reyna,Yoru,Chamber,54.17,13,24
Bind,Cypher,Viper,Brimstone,Neon,Fade,54.17,13,24
Bind,Raze,Brimstone,Yoru,Deadlock,Tejo,54.17,13,24
Bind,Brimstone,Jett,Reyna,Yoru,Veto,54.17,13,24
Bind,Phoenix,Chamber,Fade,Clove,Waylay,54.17,13,24
Bind,Yoru,Iso,Clove,Vyse,Waylay,54.17,13,24
Bind,Phoenix,Jett,Fade,Harbor,Waylay,54.17,13,24
Bind,Viper,Yoru,Astra,Fade,Veto,53.85,14,26
Bind,Raze,Brimstone,Fade,Deadlock,Waylay,53.85,14,26
Bind,Raze,Cypher,Brimstone,Skye,Reyna,53.85,35,65
Bind,Raze,Brimstone,Jett,Fade,Veto,53.85,14,26
Bind,Yoru,Chamber,Clove,Tejo,Waylay,53.85,14,26
Bind,Viper,Jett,Reyna,Harbor,Waylay,53.85,14,26
Bind,Raze,Viper,Brimstone,Reyna,Iso,53.66,22,41
Bind,Raze,Sova,Phoenix,Astra,Chamber,53.57,15,28
Bind,Raze,Reyna,Chamber,Deadlock,Clove,53.57,15,28
Bind,Viper,Brimstone,KAY/O,Fade,Waylay,53.52,76,142
Bind,Yoru,Astra,Chamber,Fade,Vyse,53.49,23,43
Bind,Raze,Brimstone,Reyna,Chamber,Waylay,53.26,49,92
Bind,Viper,Astra,KAY/O,Tejo,Waylay,53.03,70,132
Bind,Viper,Brimstone,Yoru,Fade,Veto,52.94,36,68
Bind,Raze,Brimstone,Fade,Deadlock,Tejo,52.78,19,36
Bind,Viper,Yoru,Chamber,Fade,Clove,52.78,19,36
Bind,Brimstone,Reyna,Astra,Gekko,Waylay,52.63,20,38
Bind,Raze,Viper,Brimstone,Chamber,Fade,52.35,145,277
Bind,Breach,Viper,Brimstone,Fade,Waylay,52.27,23,44
Bind,Viper,Brimstone,Skye,Reyna,Yoru,52.08,25,48
Bind,Raze,Reyna,Astra,Chamber,Waylay,51.94,67,129
Bind,Raze,Viper,Brimstone,Yoru,Fade,51.91,2282,4396
Bind,Viper,Brimstone,Reyna,Tejo,Waylay,51.85,463,893
Bind,Viper,Yoru,Astra,Chamber,Fade,51.22,84,164
Bind,Raze,Cypher,Brimstone,Reyna,Fade,51.06,24,47
Bind,Raze,Skye,Reyna,Astra,Chamber,51.06,24,47
Bind,Viper,Brimstone,Yoru,Fade,Waylay,51.01,1697,3327
Bind,Raze,Viper,Brimstone,Reyna,Waylay,50.65,233,460
Bind,Viper,Brimstone,Reyna,Chamber,Waylay,50.65,739,1459
Bind,Viper,Reyna,Clove,Tejo,Waylay,50.57,89,176
Bind,Viper,Brimstone,Reyna,Deadlock,Waylay,50.39,130,258
Bind,Viper,Brimstone,Yoru,Tejo,Veto,50.0,45,90
Bind,Viper,Yoru,Astra,Fade,Waylay,50.0,167,334
Bind,Breach,Raze,Viper,Brimstone,Fade,50.0,19,38
Bind,Raze,Cypher,Brimstone,Reyna,Yoru,50.0,21,42
Bind,Viper,Jett,Reyna,Astra,Chamber,50.0,4,8
Bind,Breach,Skye,Chamber,Clove,Waylay,50.0,6,12
Bind,Chamber,Fade,Deadlock,Clove,Waylay,50.0,2,4
Bind,Skye,Chamber,Fade,Clove,Waylay,50.0,6,12
Bind,Raze,Cypher,Brimstone,Fade,Waylay,50.0,3,6
Bind,Breach,Skye,Astra,Chamber,Waylay,50.0,3,6
Bind,Sova,Jett,Yoru,Deadlock,Clove,50.0,6,12
Bind,Raze,Viper,Brimstone,Reyna,Chamber,49.78,577,1159
Bind,Raze,Viper,Brimstone,Phoenix,Reyna,49.27,169,343
Bind,Viper,Brimstone,KAY/O,Gekko,Waylay,48.98,24,49
Bind,Raze,Viper,Reyna,Chamber,Clove,48.79,101,207
Bind,Breach,Raze,Cypher,Brimstone,Fade,48.78,20,41
Bind,Raze,Viper,Brimstone,Fade,Veto,48.59,69,142
Bind,Raze,Viper,Brimstone,Phoenix,Fade,48.57,17,35
Bind,Raze,Brimstone,Yoru,Chamber,Fade,48.15,91,189
Bind,Raze,Cypher,Viper,Brimstone,Fade,47.95,70,146
Bind,Viper,Brimstone,Reyna,Yoru,Waylay,47.91,206,430
Bind,Viper,Reyna,Astra,Tejo,Waylay,47.73,21,44
Bind,Raze,Viper,Brimstone,Jett,Reyna,47.67,82,172
Bind,Raze,Brimstone,Yoru,Fade,Deadlock,47.62,20,42
Bind,Viper,Brimstone,Yoru,Tejo,Waylay,47.62,40,84
Bind,Viper,Brimstone,KAY/O,Tejo,Waylay,47.62,20,42
Bind,Viper,Brimstone,Yoru,Chamber,Fade,47.33,204,431
Bind,Viper,Reyna,Yoru,Neon,Clove,47.13,41,87
Bind,Raze,Brimstone,Yoru,Fade,Veto,47.1,65,138
Bind,Raze,Viper,Brimstone,KAY/O,Fade,46.67,91,195
Bind,Raze,Viper,Brimstone,Reyna,Deadlock,46.44,124,267
Bind,Yoru,Chamber,Neon,Fade,Clove,46.43,13,28
Bind,Raze,Viper,Reyna,Iso,Clove,46.43,13,28
Bind,Omen,Reyna,Neon,Harbor,Tejo,46.15,24,52
Bind,Brimstone,Yoru,Fade,Deadlock,Waylay,45.95,34,74
Bind,Raze,Viper,Reyna,Astra,Gekko,45.83,11,24
Bind,Breach,Cypher,Brimstone,Yoru,Waylay,45.83,11,24
Bind,Raze,Brimstone,Deadlock,Vyse,Tejo,45.83,11,24
Bind,Breach,Viper,Yoru,Astra,Fade,45.83,11,24
Bind,Raze,Viper,Yoru,Astra,Fade,45.7,85,186
Bind,Raze,Viper,Brimstone,Reyna,Yoru,45.57,149,327
Bind,Viper,Brimstone,Phoenix,Yoru,Fade,45.45,20,44
Bind,Reyna,Yoru,Chamber,Clove,Waylay,44.64,75,168
Bind,Yoru,Chamber,Fade,Clove,Waylay,44.64,25,56
Bind,Raze,Viper,Brimstone,Reyna,Fade,44.52,126,283
Bind,Viper,Reyna,Yoru,Clove,Waylay,44.23,46,104
Bind,Raze,Viper,Brimstone,Fade,Gekko,44.03,59,134
Bind,Raze,Brimstone,Reyna,Chamber,Fade,44.0,22,50
Bind,Raze,Brimstone,Reyna,Yoru,Chamber,44.0,22,50
Bind,Cypher,Brimstone,Yoru,Fade,Clove,43.64,24,55
Bind,Raze,Cypher,Brimstone,Yoru,Fade,43.53,37,85
Bind,Brimstone,Astra,KAY/O,Tejo,Waylay,43.48,10,23
Bind,Brimstone,Skye,Yoru,Chamber,Fade,43.48,10,23
Bind,Brimstone,Reyna,Gekko,Deadlock,Waylay,43.48,20,46
Bind,Viper,Brimstone,Jett,Reyna,Fade,43.48,10,23
Bind,Yoru,Astra,Fade,Waylay,Veto,43.48,10,23
Bind,Cypher,Brimstone,Yoru,Neon,Fade,43.48,10,23
Bind,Cypher,Yoru,Fade,Clove,Waylay,43.48,10,23
Bind,Brimstone,Reyna,Yoru,Astra,Chamber,43.48,10,23
Bind,Breach,Viper,Brimstone,Tejo,Waylay,43.48,10,23
Bind,Brimstone,Yoru,Chamber,Fade,Waylay,43.28,87,201
Bind,Viper,Brimstone,Fade,Gekko,Waylay,43.24,16,37
Bind,Cypher,Viper,Brimstone,Fade,Waylay,42.86,18,42
Bind,Viper,Brimstone,Reyna,Fade,Waylay,42.7,76,178
Bind,Viper,Brimstone,Chamber,Fade,Waylay,42.31,22,52
Bind,Raze,Viper,Reyna,Deadlock,Clove,42.22,19,45
Bind,Raze,Phoenix,Chamber,Fade,Clove,42.22,19,45
Bind,Raze,Viper,Skye,Fade,Clove,41.94,26,62
Bind,Raze,Viper,Omen,Fade,Deadlock,41.67,20,48
Bind,Viper,Reyna,Astra,Deadlock,Waylay,41.67,5,12
Bind,Viper,Omen,Reyna,Gekko,Waylay,41.67,5,12
Bind,Brimstone,Reyna,Chamber,Clove,Waylay,41.67,5,12
Bind,Viper,Brimstone,Yoru,Deadlock,Tejo,41.67,5,12
Bind,Jett,Reyna,Astra,Gekko,Deadlock,40.91,9,22
Bind,Viper,Reyna,Astra,Gekko,Waylay,40.91,9,22
Bind,Raze,Cypher,Viper,Brimstone,Yoru,40.91,9,22
Bind,Raze,Viper,Phoenix,Reyna,Clove,40.91,9,22
Bind,Raze,Brimstone,Jett,Fade,Deadlock,40.91,9,22
Bind,Cypher,Omen,Neon,Fade,Waylay,40.91,9,22
Bind,Brimstone,Fade,Deadlock,Vyse,Waylay,40.91,18,44
Bind,Brimstone,Skye,Jett,Fade,Waylay,40.91,9,22
Bind,Raze,Viper,Brimstone,Reyna,Tejo,40.78,115,282
Bind,Raze,Astra,Deadlock,Tejo,Veto,40.0,2,5
Bind,Raze,Killjoy,Viper,Brimstone,Reyna,39.53,17,43
Bind,Viper,Brimstone,Yoru,Fade,Deadlock,38.96,30,77
Bind,Raze,Yoru,Astra,Chamber,Fade,38.1,8,21
Bind,Raze,Brimstone,Fade,Deadlock,Clove,38.1,8,21
Bind,Viper,Reyna,Fade,Clove,Waylay,38.1,8,21
Bind,Omen,Reyna,Harbor,Tejo,Waylay,38.1,8,21
Bind,Raze,Viper,Reyna,Astra,Waylay,38.1,8,21
Bind,Reyna,Astra,Tejo,Waylay,Veto,38.1,8,21
Bind,Raze,Brimstone,KAY/O,Fade,Veto,38.1,8,21
Bind,Yoru,Astra,Gekko,Deadlock,Vyse,38.1,8,21
Bind,Raze,Viper,Reyna,Astra,Fade,37.06,106,286
Bind,Cypher,Yoru,Neon,Fade,Clove,37.04,20,54
Bind,Raze,Phoenix,Omen,Reyna,Neon,36.59,15,41
Bind,Raze,Brimstone,Reyna,Chamber,Deadlock,34.88,15,43
Bind,Raze,Brimstone,Reyna,Yoru,Deadlock,33.33,4,12
Bind,Raze,Viper,Reyna,Astra,Deadlock,33.33,4,12
Bind,Cypher,Brimstone,Skye,Jett,Reyna,33.33,4,12
Bind,Viper,Brimstone,Jett,Yoru,Fade,33.33,1,3
Bind,Raze,Chamber,Fade,Deadlock,Clove,31.58,12,38
Bind,Brimstone,Skye,Jett,Reyna,Chamber,31.58,12,38
Bind,Brimstone,Reyna,Yoru,Chamber,Waylay,31.58,12,38
Bind,Viper,Reyna,Neon,Clove,Waylay,31.58,12,38
Bind,Raze,Brimstone,Reyna,Yoru,Astra,27.78,5,18
Bind,Yoru,Astra,Gekko,Deadlock,Waylay,27.78,5,18
Bind,Viper,Jett,Yoru,Fade,Clove,27.78,5,18
Bind,Raze,Phoenix,Deadlock,Clove,Tejo,23.53,8,34
Bind,Omen,Chamber,Neon,Fade,Waylay,18.75,3,16
Bind,Sage,Omen,Yoru,Chamber,Fade,7.14,1,14
Breeze,Brimstone,Yoru,Clove,Tejo,Waylay,81.25,13,16
Breeze,Skye,Astra,KAY/O,Chamber,Clove,76.47,13,17
Breeze,Breach,Chamber,Neon,Iso,Clove,72.22,13,18
Breeze,Breach,Cypher,Killjoy,Skye,Clove,72.22,13,18
Breeze,Brimstone,Phoenix,Skye,KAY/O,Chamber,72.22,13,18
Breeze,Breach,Raze,Brimstone,Chamber,Fade,68.42,39,57
Breeze,Cypher,Brimstone,Fade,Iso,Tejo,65.0,13,20
Breeze,Breach,Raze,Viper,Chamber,Waylay,56.52,13,23
Breeze,Raze,Brimstone,Jett,Reyna,Chamber,56.52,13,23
Breeze,Jett,KAY/O,Chamber,Harbor,Clove,56.52,13,23
Breeze,Breach,Raze,Jett,Chamber,Clove,54.35,50,92
Breeze,Breach,Viper,Yoru,Tejo,Waylay,54.17,13,24
Breeze,Breach,Raze,Killjoy,Brimstone,Fade,53.85,28,52
Breeze,Killjoy,Viper,KAY/O,Chamber,Waylay,53.57,15,28
Breeze,Brimstone,Phoenix,Jett,Fade,Iso,46.43,13,28
Breeze,Killjoy,Skye,Omen,Fade,Deadlock,45.83,11,24
Breeze,Killjoy,Skye,Astra,Fade,Tejo,43.48,10,23
Breeze,Breach,Phoenix,Omen,KAY/O,Neon,43.48,10,23
Breeze,Brimstone,Skye,Chamber,Neon,Tejo,43.48,10,23
Breeze,Breach,Raze,Brimstone,Chamber,Tejo,38.1,8,21
Breeze,Breach,Brimstone,Jett,Chamber,Waylay,35.0,7,20
Breeze,Sova,Brimstone,Chamber,Neon,Tejo,35.0,7,20
Breeze,Jett,Chamber,Iso,Clove,Tejo,35.0,7,20
Breeze,Reyna,Chamber,Clove,Vyse,Waylay,35.0,7,20
Breeze,Breach,Brimstone,Skye,Yoru,Chamber,27.78,5,18
Breeze,Brimstone,Jett,KAY/O,Deadlock,Tejo,27.78,5,18
Breeze,Viper,Neon,Gekko,Iso,Clove,27.78,5,18
Breeze,Breach,Viper,Phoenix,Jett,Tejo,23.53,4,17
Breeze,Breach,Brimstone,Chamber,Tejo,Waylay,18.75,3,16
Breeze,Killjoy,Brimstone,Jett,Chamber,Fade,18.75,3,16
Corrode,Yoru,Fade,Deadlock,Clove,Tejo,92.86,13,14
Corrode,Phoenix,Omen,Chamber,Neon,Fade,89.66,26,29
Corrode,Brimstone,Yoru,Fade,Vyse,Waylay,86.67,13,15
Corrode,Chamber,Neon,Fade,Clove,Veto,86.67,13,15
Corrode,Yoru,Chamber,Neon,Fade,Clove,86.67,13,15
Corrode,Sova,Omen,Jett,Yoru,Chamber,86.67,13,15
Corrode,Sova,Skye,Iso,Clove,Waylay,86.67,13,15
Corrode,Sova,Viper,Skye,Clove,Waylay,86.67,13,15
Corrode,Cypher,Omen,Neon,Fade,Tejo,86.67,13,15
Corrode,Phoenix,Omen,Yoru,Fade,Tejo,86.67,13,15
Corrode,Sova,Phoenix,Chamber,Harbor,Iso,81.25,13,16
Corrode,KAY/O,Fade,Clove,Vyse,Waylay,81.25,13,16
Corrode,Brimstone,Reyna,Astra,Chamber,Neon,76.47,26,34
Corrode,Sage,Astra,Neon,Fade,Vyse,76.47,13,17
Corrode,Omen,Reyna,Astra,Fade,Waylay,76.47,13,17
Corrode,Chamber,Fade,Iso,Clove,Waylay,76.47,13,17
Corrode,Sova,Viper,Chamber,Clove,Waylay,76.47,13,17
Corrode,Omen,Chamber,Neon,Fade,Vyse,76.47,13,17
Corrode,Raze,Yoru,Deadlock,Clove,Tejo,76.47,13,17
Corrode,Skye,Neon,Fade,Clove,Vyse,76.47,13,17
Corrode,Raze,Skye,Fade,Clove,Vyse,76.47,52,68
Corrode,Sova,Viper,KAY/O,Neon,Clove,76.47,13,17
Corrode,Omen,Jett,Neon,Fade,Vyse,76.47,13,17
Corrode,Viper,Phoenix,Astra,Neon,Gekko,75.0,9,12
Corrode,Sova,Omen,Yoru,Chamber,Waylay,73.58,39,53
Corrode,Reyna,Astra,Chamber,Neon,Fade,72.22,13,18
Corrode,Raze,Astra,Chamber,Fade,Veto,72.22,13,18
Corrode,Breach,Neon,Clove,Vyse,Tejo,72.22,13,18
Corrode,Viper,Yoru,Chamber,Neon,Fade,72.22,26,36
Corrode,Omen,KAY/O,Fade,Deadlock,Waylay,72.22,13,18
Corrode,Phoenix,Omen,Neon,Fade,Veto,72.22,13,18
Corrode,Viper,Yoru,Astra,Neon,Fade,70.27,26,37
Corrode,Brimstone,Phoenix,Reyna,Neon,Waylay,68.42,13,19
Corrode,Chamber,Neon,Fade,Gekko,Clove,68.42,13,19
Corrode,Sova,Omen,Chamber,Iso,Waylay,68.42,13,19
Corrode,Sova,Omen,Yoru,Chamber,Iso,68.42,13,19
Corrode,Cypher,Sova,Brimstone,Skye,Clove,66.67,2,3
Corrode,Phoenix,Skye,Omen,Reyna,Chamber,66.67,8,12
Corrode,Sova,KAY/O,Clove,Waylay,Veto,66.67,8,12
Corrode,Sova,Sage,Phoenix,Omen,Waylay,66.67,8,12
Corrode,Omen,Chamber,Fade,Deadlock,Waylay,66.67,10,15
Corrode,Brimstone,Neon,Fade,Vyse,Waylay,65.0,13,20
Corrode,Skye,Omen,Jett,Chamber,Fade,65.0,13,20
Corrode,Skye,Omen,KAY/O,Fade,Waylay,65.0,13,20
Corrode,Viper,Phoenix,Omen,Yoru,Chamber,63.64,7,11
Corrode,Viper,Fade,Iso,Clove,Waylay,62.89,222,353
Corrode,Skye,Omen,KAY/O,Neon,Fade,62.5,5,8
Corrode,Breach,Raze,Omen,Yoru,Chamber,61.9,13,21
Corrode,Brimstone,Reyna,Neon,Deadlock,Veto,61.9,13,21
Corrode,Sova,Omen,Jett,Chamber,Veto,61.9,13,21
Corrode,Viper,Skye,Fade,Iso,Clove,61.9,13,21
Corrode,Yoru,Neon,Fade,Clove,Waylay,61.9,13,21
Corrode,Raze,Sova,Viper,Neon,Clove,61.9,13,21
Corrode,Sage,Omen,Yoru,Fade,Vyse,61.9,13,21
Corrode,Sova,Viper,Phoenix,Jett,Waylay,61.9,13,21
Corrode,Viper,Omen,Neon,Fade,Veto,61.54,24,39
Corrode,Sova,Omen,Yoru,Neon,Veto,61.54,8,13
Corrode,Sova,Viper,Yoru,Neon,Clove,60.47,26,43
Corrode,Skye,Fade,Clove,Waylay,Veto,60.0,24,40
Corrode,Skye,Fade,Clove,Vyse,Waylay,60.0,6,10
Corrode,Omen,Chamber,Neon,Fade,Deadlock,60.0,6,10
Corrode,Sova,Sage,Yoru,Astra,Chamber,59.31,207,349
Corrode,Yoru,Astra,Fade,Waylay,Veto,59.09,13,22
Corrode,Viper,Reyna,Astra,Iso,Waylay,59.09,26,44
Corrode,Phoenix,Skye,Jett,Astra,KAY/O,59.09,13,22
Corrode,Viper,Reyna,Astra,Neon,Veto,59.09,13,22
Corrode,Sova,Brimstone,Neon,Fade,Deadlock,59.09,13,22
Corrode,Sage,Omen,Jett,Chamber,Fade,59.09,13,22
Corrode,Cypher,Jett,Yoru,Fade,Clove,59.09,13,22
Corrode,Cypher,Neon,Harbor,Gekko,Clove,59.09,13,22
Corrode,Cypher,Sova,Omen,Yoru,KAY/O,59.09,13,22
Corrode,Viper,Omen,Fade,Deadlock,Waylay,59.09,26,44
Corrode,Viper,Omen,Jett,Fade,Vyse,59.09,13,22
Corrode,Viper,Omen,KAY/O,Waylay,Veto,59.09,13,22
Corrode,Omen,Fade,Clove,Vyse,Waylay,58.79,117,199
Corrode,Phoenix,Omen,Yoru,Chamber,Fade,58.67,44,75
Corrode,Omen,Chamber,Fade,Vyse,Waylay,58.49,62,106
Corrode,Sova,Phoenix,Omen,Jett,Chamber,58.33,21,36
Corrode,Sova,Omen,Yoru,Waylay,Veto,58.33,21,36
Corrode,Phoenix,Astra,Fade,Waylay,Veto,58.33,7,12
Corrode,Viper,Sage,Omen,Jett,Fade,58.33,7,12
Corrode,Skye,Omen,Fade,Vyse,Waylay,58.33,7,12
Corrode,Sova,Viper,Omen,Vyse,Waylay,57.89,99,171
Corrode,Viper,Sage,Astra,Fade,Waylay,57.78,26,45
Corrode,Sova,Sage,Omen,Chamber,Waylay,57.32,47,82
Corrode,Yoru,Chamber,Fade,Clove,Waylay,56.77,197,347
Corrode,Breach,Viper,Astra,Neon,Fade,56.52,13,23
Corrode,Reyna,Astra,Chamber,Fade,Waylay,56.52,13,23
Corrode,Sova,Brimstone,Omen,KAY/O,Waylay,56.52,52,92
Corrode,Raze,Sova,Brimstone,Omen,Waylay,56.52,13,23
Corrode,Neon,Fade,Deadlock,Clove,Waylay,56.52,13,23
Corrode,Viper,Jett,Yoru,Deadlock,Tejo,56.52,13,23
Corrode,Omen,Jett,Fade,Vyse,Waylay,56.52,13,23
Corrode,Viper,Omen,Chamber,Neon,Fade,56.11,326,581
Corrode,Viper,Sage,Omen,Fade,Waylay,56.08,83,148
Corrode,Omen,Yoru,Chamber,Neon,Fade,56.06,37,66
Corrode,Sage,Yoru,Astra,Chamber,Fade,55.56,100,180
Corrode,Reyna,Astra,Fade,Iso,Veto,55.56,5,9
Corrode,Astra,KAY/O,Chamber,Fade,Waylay,55.1,27,49
Corrode,Sova,Viper,Omen,Yoru,Chamber,54.72,58,106
Corrode,Omen,Neon,Fade,Vyse,Waylay,54.46,165,303
Corrode,Viper,Phoenix,Omen,Neon,Fade,54.37,56,103
Corrode,Neon,Fade,Clove,Vyse,Waylay,54.21,58,107
Corrode,Yoru,Astra,Chamber,Neon,Fade,54.17,13,24
Corrode,Breach,Omen,Chamber,Tejo,Waylay,54.17,13,24
Corrode,Breach,Sova,Omen,Deadlock,Iso,54.17,13,24
Corrode,Viper,Brimstone,Jett,Fade,Tejo,54.17,13,24
Corrode,Omen,Chamber,Neon,Fade,Clove,54.17,13,24
Corrode,Omen,Chamber,Fade,Clove,Waylay,54.17,13,24
Corrode,Raze,Viper,Neon,Fade,Clove,54.17,13,24
Corrode,Viper,Skye,Yoru,Fade,Clove,54.17,13,24
Corrode,Omen,KAY/O,Neon,Fade,Veto,54.17,13,24
Corrode,Sova,Viper,Omen,Yoru,Neon,54.17,13,24
Corrode,Omen,Astra,KAY/O,Fade,Waylay,54.13,59,109
Corrode,Omen,Chamber,Neon,Fade,Waylay,54.07,93,172
Corrode,Astra,Neon,Fade,Vyse,Waylay,53.85,14,26
Corrode,Killjoy,Sage,Skye,Omen,Gekko,53.85,14,26
Corrode,Viper,Yoru,Chamber,Fade,Clove,53.85,14,26
Corrode,Sage,Neon,Fade,Deadlock,Clove,53.85,14,26
Corrode,Fade,Clove,Tejo,Waylay,Veto,53.85,14,26
Corrode,Yoru,Fade,Clove,Vyse,Waylay,53.85,14,26
Corrode,Sova,Omen,Jett,Waylay,Veto,53.85,14,26
Corrode,Viper,KAY/O,Fade,Clove,Waylay,53.85,7,13
Corrode,Sova,Viper,Omen,Yoru,Waylay,53.36,310,581
Corrode,Sova,Omen,Astra,KAY/O,Waylay,53.33,40,75
Corrode,Sova,Sage,Chamber,Clove,Waylay,53.06,26,49
Corrode,Viper,Omen,KAY/O,Neon,Fade,52.94,81,153
Corrode,Sova,Phoenix,Omen,Tejo,Waylay,52.94,18,34
Corrode,Viper,Phoenix,Omen,Fade,Waylay,52.85,213,403
Corrode,Yoru,Astra,Chamber,Fade,Veto,52.84,93,176
Corrode,Viper,Omen,Chamber,Fade,Waylay,52.7,458,869
Corrode,Omen,Astra,Fade,Deadlock,Waylay,52.53,52,99
Corrode,Sova,Omen,KAY/O,Vyse,Waylay,52.5,21,40
Corrode,Viper,Omen,Yoru,Fade,Vyse,52.46,32,61
Corrode,Astra,KAY/O,Fade,Vyse,Waylay,52.17,24,46
Corrode,Viper,Jett,Neon,Fade,Clove,52.17,24,46
Corrode,Viper,Yoru,Neon,Fade,Clove,52.17,24,46
Corrode,Phoenix,Omen,Fade,Waylay,Veto,51.85,70,135
Corrode,Viper,Omen,Yoru,Fade,Tejo,51.8,201,388
Corrode,Sova,Yoru,Chamber,Clove,Waylay,51.43,18,35
Corrode,Omen,Yoru,Fade,Vyse,Waylay,51.3,217,423
Corrode,Sova,Viper,Omen,Neon,Waylay,51.11,23,45
Corrode,Omen,Astra,Neon,Fade,Waylay,50.68,37,73
Corrode,Omen,Yoru,Chamber,Fade,Waylay,50.59,299,591
Corrode,Viper,Omen,Neon,Fade,Deadlock,50.53,48,95
Corrode,Sova,Astra,KAY/O,Vyse,Waylay,50.5,51,101
Corrode,Viper,Omen,Fade,Waylay,Veto,50.36,141,280
Corrode,Viper,Yoru,Fade,Clove,Waylay,50.22,112,223
Corrode,Sova,Viper,Omen,Neon,Vyse,50.0,27,54
Corrode,Raze,Yoru,Astra,Fade,Veto,50.0,55,110
Corrode,Breach,Jett,Fade,Harbor,Veto,50.0,20,40
Corrode,Sova,Viper,Omen,Chamber,Neon,50.0,30,60
Corrode,Viper,Astra,Chamber,Fade,Waylay,50.0,28,56
Corrode,Sage,Chamber,Fade,Clove,Waylay,50.0,25,50
Corrode,Cypher,Sova,Omen,KAY/O,Waylay,50.0,2,4
Corrode,Sova,Viper,Omen,Neon,Tejo,50.0,3,6
Corrode,Sova,Brimstone,Omen,Chamber,Waylay,50.0,5,10
Corrode,Sova,Omen,Jett,Chamber,Neon,50.0,6,12
Corrode,Breach,Fade,Clove,Vyse,Waylay,50.0,6,12
Corrode,Omen,Chamber,Fade,Waylay,Veto,50.0,6,12
Corrode,Sova,Omen,Jett,Chamber,Iso,50.0,6,12
Corrode,Viper,Skye,Neon,Fade,Clove,50.0,6,12
Corrode,Sova,Phoenix,KAY/O,Clove,Waylay,50.0,5,10
Corrode,Reyna,Neon,Clove,Waylay,Veto,50.0,6,12
Corrode,Viper,Omen,Yoru,Fade,Waylay,49.65,1336,2691
Corrode,Sova,Omen,Yoru,Chamber,Fade,49.41,42,85
Corrode,Sage,Omen,Chamber,Fade,Clove,49.32,36,73
Corrode,Sova,Viper,Omen,Chamber,Waylay,49.29,69,140
Corrode,Viper,Omen,Neon,Fade,Vyse,49.14,228,464
Corrode,Viper,Yoru,Astra,Fade,Waylay,48.99,121,247
Corrode,Sova,Viper,Omen,KAY/O,Waylay,48.94,1382,2824
Corrode,Viper,Astra,KAY/O,Vyse,Waylay,48.84,21,43
Corrode,Sova,Killjoy,Omen,Yoru,Waylay,48.84,21,43
Corrode,Breach,Astra,Fade,Vyse,Waylay,48.72,38,78
Corrode,Viper,Neon,Fade,Clove,Waylay,48.65,54,111
Corrode,Viper,Astra,Fade,Tejo,Waylay,48.39,30,62
Corrode,Raze,Skye,Omen,Fade,Vyse,48.33,29,60
Corrode,Viper,Sage,Omen,Neon,Fade,48.28,42,87
Corrode,Sova,Omen,KAY/O,Waylay,Veto,48.11,51,106
Corrode,Sova,Omen,Jett,Chamber,Waylay,48.08,25,52
Corrode,Omen,Fade,Vyse,Tejo,Waylay,47.83,22,46
Corrode,Yoru,Chamber,Fade,Clove,Vyse,47.37,27,57
Corrode,Omen,Jett,Chamber,Neon,Fade,47.22,17,36
Corrode,Yoru,Astra,Fade,Clove,Veto,47.06,16,34
Corrode,Sage,Omen,Chamber,Fade,Waylay,46.96,54,115
Corrode,Viper,Omen,Yoru,Neon,Fade,46.94,207,441
Corrode,Sova,KAY/O,Clove,Vyse,Waylay,46.88,15,32
Corrode,Viper,Chamber,Fade,Clove,Waylay,46.8,95,203
Corrode,Viper,Omen,Jett,Chamber,Fade,46.77,29,62
Corrode,Sage,Omen,Yoru,Chamber,Fade,46.67,28,60
Corrode,Sage,Phoenix,Skye,Fade,Clove,46.67,14,30
Corrode,Cypher,Viper,Omen,Yoru,Fade,46.67,21,45
Corrode,Breach,Omen,Fade,Vyse,Waylay,46.55,27,58
Corrode,Viper,Omen,Yoru,Chamber,Fade,46.53,141,303
Corrode,Sage,Brimstone,Omen,Chamber,Fade,46.51,20,43
Corrode,Skye,Omen,Chamber,Fade,Waylay,46.43,13,28
Corrode,Sova,Omen,Harbor,Vyse,Waylay,46.43,39,84
Corrode,Viper,Omen,Jett,KAY/O,Tejo,46.34,19,41
Corrode,Raze,Viper,Omen,Yoru,Fade,46.34,19,41
Corrode,KAY/O,Chamber,Fade,Clove,Waylay,46.34,19,41
Corrode,Sova,Viper,Omen,KAY/O,Neon,46.28,56,121
Corrode,Yoru,Astra,Chamber,Fade,Tejo,46.23,49,106
Corrode,Raze,Omen,KAY/O,Fade,Vyse,46.15,12,26
Corrode,Breach,Sova,Omen,Vyse,Waylay,45.83,11,24
Corrode,Cypher,Viper,Omen,Fade,Waylay,45.83,11,24
Corrode,Sova,Omen,Jett,Yoru,Vyse,45.83,11,24
Corrode,Breach,Omen,Jett,Chamber,Fade,45.83,11,24
Corrode,Omen,Yoru,Neon,Fade,Vyse,45.77,65,142
Corrode,Viper,Omen,Neon,Fade,Tejo,45.74,43,94
Corrode,Viper,Omen,KAY/O,Fade,Waylay,45.44,224,493
Corrode,Raze,Omen,Yoru,Chamber,Fade,45.24,19,42
Corrode,Viper,Omen,Fade,Vyse,Waylay,44.62,145,325
Corrode,Viper,Omen,Fade,Tejo,Waylay,44.17,53,120
Corrode,Reyna,Astra,Chamber,Tejo,Waylay,43.48,10,23
Corrode,Sage,Yoru,Astra,Fade,Veto,43.48,10,23
Corrode,Cypher,Omen,Chamber,Neon,Fade,43.48,10,23
Corrode,Fade,Clove,Vyse,Tejo,Waylay,43.48,10,23
Corrode,Viper,Omen,Neon,Fade,Waylay,43.18,19,44
Corrode,Viper,Omen,Jett,Fade,Tejo,42.68,35,82
Corrode,Cypher,Omen,Yoru,Fade,Waylay,42.58,66,155
Corrode,Yoru,Astra,Chamber,Fade,Waylay,42.55,20,47
Corrode,Sova,Omen,Yoru,Vyse,Waylay,42.5,17,40
Corrode,Omen,Yoru,Fade,Waylay,Veto,41.9,44,105
Corrode,Sova,Astra,Neon,Deadlock,Tejo,41.67,5,12
Corrode,Omen,Chamber,Neon,Fade,Veto,41.67,5,12
Corrode,Sage,Omen,Fade,Deadlock,Waylay,41.67,5,12
Corrode,Omen,Astra,Fade,Vyse,Waylay,41.3,19,46
Corrode,Viper,Astra,KAY/O,Fade,Waylay,40.91,9,22
Corrode,Omen,Astra,Fade,Tejo,Waylay,40.91,18,44
Corrode,Sova,Jett,Fade,Clove,Vyse,40.91,9,22
Corrode,Sova,Viper,Sage,Omen,Waylay,40.91,9,22
Corrode,Sova,Viper,Omen,Tejo,Waylay,40.91,9,22
Corrode,Astra,KAY/O,Fade,Waylay,Veto,40.91,9,22
Corrode,Phoenix,Omen,Fade,Vyse,Waylay,40.91,18,44
Corrode,Viper,Yoru,Astra,Fade,Vyse,40.28,29,72
Corrode,Omen,KAY/O,Fade,Vyse,Waylay,39.23,51,130
Corrode,Jett,Astra,Fade,Vyse,Waylay,38.1,8,21
Corrode,Breach,Cypher,Omen,Fade,Waylay,38.1,8,21
Corrode,Viper,Omen,Jett,Fade,Waylay,38.1,8,21
Corrode,Sova,Viper,Omen,Yoru,Iso,38.1,8,21
Corrode,Omen,KAY/O,Chamber,Fade,Waylay,36.36,72,198
Corrode,Cypher,Omen,KAY/O,Fade,Waylay,35.0,14,40
Corrode,Cypher,Omen,Neon,Fade,Waylay,35.0,7,20
Corrode,Jett,Reyna,Astra,Chamber,Fade,35.0,7,20
Corrode,Sova,Omen,Yoru,KAY/O,Waylay,35.0,7,20
Corrode,Omen,Jett,Chamber,Fade,Clove,35.0,14,40
Corrode,Sova,Viper,Omen,Deadlock,Waylay,35.0,14,40
Corrode,Sova,Omen,KAY/O,Chamber,Neon,33.33,1,3
Corrode,Brimstone,Omen,Yoru,Fade,Waylay,33.33,4,12
Corrode,Sova,Viper,Omen,Yoru,Fade,31.58,12,38
Corrode,Sova,Viper,Yoru,Clove,Waylay,30.36,17,56
Corrode,Omen,Reyna,Fade,Vyse,Waylay,23.53,4,17
Corrode,Omen,Chamber,Fade,Harbor,Waylay,7.14,1,14
Fracture,Killjoy,Fade,Harbor,Clove,Waylay,81.25,13,16
Fracture,Sova,Killjoy,Viper,Jett,Clove,76.47,13,17
Fracture,Sova,Killjoy,Omen,Gekko,Iso,76.47,13,17
Fracture,Killjoy,Viper,Phoenix,Skye,Tejo,76.47,13,17
Fracture,Phoenix,Jett,Yoru,Astra,Fade,72.22,13,18
Fracture,Jett,Chamber,Harbor,Clove,Tejo,72.22,13,18
Fracture,Sova,Jett,Yoru,Chamber,Harbor,68.42,13,19
Fracture,Cypher,Sova,Jett,KAY/O,Clove,68.42,13,19
Fracture,Sova,Killjoy,Viper,Phoenix,Jett,66.04,35,53
Fracture,Killjoy,Skye,Astra,Fade,Waylay,65.0,13,20
Fracture,Raze,Sova,Phoenix,Chamber,Clove,65.0,13,20
Fracture,Sova,Omen,Jett,Chamber,Veto,65.0,13,20
Fracture,Sova,Sage,Omen,KAY/O,Chamber,65.0,13,20
Fracture,Killjoy,Skye,Jett,Clove,Tejo,65.0,13,20
Fracture,Breach,Killjoy,Viper,Skye,Iso,61.9,13,21
Fracture,Sova,Killjoy,Viper,Phoenix,Omen,61.9,13,21
Fracture,Breach,Raze,Killjoy,Viper,Skye,56.52,13,23
Fracture,Sova,Viper,Jett,Chamber,Clove,56.52,13,23
Fracture,Sova,Viper,Phoenix,Jett,Chamber,56.52,13,23
Fracture,Sova,Viper,Skye,Jett,Chamber,55.26,21,38
Fracture,Sova,Viper,Phoenix,Chamber,Waylay,54.17,13,24
Fracture,Killjoy,Jett,Gekko,Iso,Clove,54.17,13,24
Fracture,Phoenix,Jett,Gekko,Iso,Clove,54.17,13,24
Fracture,Sova,Viper,Jett,Chamber,Harbor,51.55,50,97
Fracture,Sova,Killjoy,Viper,Skye,Jett,51.28,60,117
Fracture,Skye,Astra,Chamber,Fade,Waylay,45.83,11,24
Fracture,Skye,Omen,Chamber,Harbor,Tejo,45.83,11,24
Fracture,Sova,Killjoy,Viper,Jett,Iso,43.59,17,39
Fracture,Sage,Phoenix,Fade,Gekko,Clove,43.48,10,23
Fracture,Sage,Omen,Chamber,Harbor,Tejo,38.1,8,21
Fracture,Sova,Killjoy,Viper,Omen,Jett,38.1,8,21
Fracture,Breach,Brimstone,Phoenix,Jett,Astra,35.0,7,20
Fracture,Killjoy,Brimstone,Phoenix,Reyna,Waylay,35.0,7,20
Fracture,Omen,KAY/O,Chamber,Harbor,Waylay,35.0,7,20
Fracture,Killjoy,Fade,Harbor,Iso,Tejo,35.0,7,20
Fracture,Omen,Jett,Harbor,Tejo,Veto,35.0,7,20
Fracture,Breach,Sage,Omen,Yoru,Chamber,31.58,6,19
Fracture,Phoenix,Omen,KAY/O,Gekko,Waylay,31.58,6,19
Fracture,Breach,Killjoy,Skye,Harbor,Iso,27.78,5,18
Fracture,Sova,Omen,Yoru,Deadlock,Waylay,27.78,5,18
Fracture,Breach,Raze,Phoenix,Clove,Waylay,23.53,4,17
Fracture,Breach,Reyna,Neon,Harbor,Deadlock,23.53,4,17
Fracture,Killjoy,Viper,Skye,Gekko,Tejo,23.53,4,17
Fracture,Raze,Sova,Killjoy,Viper,Skye,23.53,4,17
Fracture,Sova,Phoenix,Omen,Jett,Chamber,18.75,3,16
Fracture,Sova,Killjoy,Viper,Jett,KAY/O,18.75,3,16
Fracture,Sova,Viper,Skye,Chamber,Clove,13.33,2,15
Haven,Breach,Cypher,Sova,Omen,Waylay,92.86,13,14
Haven,Sage,Phoenix,Clove,Tejo,Waylay,92.86,13,14
Haven,Cypher,Sage,Omen,Jett,Reyna,92.86,13,14
Haven,Raze,Sova,Killjoy,Brimstone,Skye,86.67,13,15
Haven,Phoenix,Jett,KAY/O,Chamber,Clove,86.67,13,15
Haven,Skye,Omen,Chamber,Gekko,Waylay,86.67,13,15
Haven,Cypher,Sova,Skye,Clove,Waylay,86.67,13,15
Haven,Skye,Jett,Reyna,Harbor,Clove,86.67,13,15
Haven,Raze,Sova,Killjoy,Sage,Clove,86.67,13,15
Haven,Sova,Viper,Omen,Jett,Neon,83.87,26,31
Haven,Sova,Jett,Chamber,Clove,Tejo,81.25,13,16
Haven,Sova,Jett,Chamber,Clove,Veto,81.25,13,16
Haven,Cypher,Phoenix,Omen,Neon,Tejo,81.25,13,16
Haven,Killjoy,Omen,Jett,Yoru,Fade,79.59,39,49
Haven,Killjoy,Viper,Brimstone,Yoru,Tejo,76.47,13,17
Haven,Sova,Viper,Brimstone,Neon,Waylay,76.47,13,17
Haven,Killjoy,Skye,Fade,Clove,Waylay,76.47,13,17
Haven,Viper,Omen,Yoru,Fade,Vyse,76.47,13,17
Haven,Cypher,Sova,Skye,Omen,Neon,75.0,9,12
Haven,Cypher,Sova,Jett,Iso,Clove,75.0,9,12
Haven,Cypher,Skye,Reyna,Clove,Waylay,75.0,9,12
Haven,Cypher,Sova,Omen,Astra,Waylay,72.22,13,18
Haven,Raze,Brimstone,Jett,Reyna,Chamber,72.22,13,18
Haven,Yoru,Chamber,Neon,Clove,Tejo,72.22,13,18
Haven,Sova,Sage,Omen,Chamber,Neon,72.22,13,18
Haven,Sova,Omen,Jett,Yoru,Iso,72.22,13,18
Haven,Sova,Viper,Skye,Omen,Iso,72.22,13,18
Haven,Breach,Cypher,Astra,Neon,Fade,71.43,5,7
Haven,Sova,Killjoy,Jett,Yoru,Astra,71.43,10,14
Haven,Breach,Sova,Killjoy,Jett,Clove,70.27,26,37
Haven,Killjoy,Skye,Omen,Reyna,Neon,70.0,7,10
Haven,Breach,Viper,Astra,Chamber,Waylay,68.42,13,19
Haven,Sova,Jett,Yoru,Chamber,Clove,68.42,39,57
Haven,Viper,Omen,Yoru,Chamber,Fade,68.42,13,19
Haven,Raze,Sova,Skye,Omen,Chamber,68.42,13,19
Haven,Cypher,Yoru,Fade,Clove,Waylay,68.42,13,19
Haven,Cypher,Sova,Sage,Jett,Clove,68.42,13,19
Haven,Sova,Omen,Jett,Harbor,Veto,68.42,13,19
Haven,Killjoy,Sage,Omen,Jett,Tejo,68.42,13,19
Haven,Sova,Viper,Omen,Neon,Veto,68.42,26,38
Haven,Cypher,Astra,KAY/O,Neon,Tejo,66.67,8,12
Haven,Viper,Yoru,KAY/O,Neon,Fade,66.67,2,3
Haven,Killjoy,Viper,Omen,Neon,Fade,65.94,91,138
Haven,Breach,Cypher,Omen,Astra,Neon,65.0,13,20
Haven,Viper,Reyna,Chamber,Neon,Iso,65.0,13,20
Haven,Sova,Killjoy,Sage,Neon,Clove,65.0,13,20
Haven,Sova,Killjoy,Sage,Yoru,Clove,65.0,13,20
Haven,Yoru,Astra,Fade,Iso,Veto,64.81,35,54
Haven,Sova,Killjoy,Sage,Omen,Yoru,64.71,198,306
Haven,Sova,Yoru,Chamber,Iso,Clove,63.76,139,218
Haven,Cypher,Sova,Skye,Omen,Yoru,63.27,31,49
Haven,Viper,Omen,Chamber,Neon,Fade,62.79,27,43
Haven,Cypher,Sage,Jett,Gekko,Clove,62.5,5,8
Haven,Sova,Killjoy,Skye,Neon,Clove,62.12,41,66
Haven,Sage,Omen,Jett,Chamber,Fade,61.9,13,21
Haven,Cypher,Sova,Viper,Omen,Jett,61.9,26,42
Haven,Raze,Phoenix,Omen,KAY/O,Waylay,61.9,13,21
Haven,Killjoy,Omen,Reyna,Neon,Veto,61.9,13,21
Haven,Killjoy,Omen,Yoru,Neon,Tejo,61.9,13,21
Haven,Viper,Yoru,Astra,Fade,Veto,60.0,42,70
Haven,Phoenix,Omen,Jett,KAY/O,Chamber,60.0,3,5
Haven,Killjoy,Viper,Omen,Fade,Waylay,59.52,25,42
Haven,Sova,Sage,Omen,Yoru,Chamber,59.28,131,221
Haven,Breach,Sova,Killjoy,Astra,Waylay,59.09,13,22
Haven,Jett,Astra,Fade,Iso,Vyse,59.09,13,22
Haven,Sova,Viper,Astra,Neon,Veto,59.09,13,22
Haven,Breach,Cypher,Omen,Jett,Fade,59.09,13,22
Haven,Cypher,Skye,Jett,KAY/O,Clove,59.09,13,22
Haven,Sova,Viper,Neon,Clove,Veto,59.09,13,22
Haven,Viper,Omen,Neon,Fade,Vyse,59.09,13,22
Haven,Sova,Killjoy,Omen,Jett,Harbor,59.09,13,22
Haven,Sova,Killjoy,Omen,Iso,Waylay,59.09,13,22
Haven,Viper,Omen,Yoru,Tejo,Veto,59.09,13,22
Haven,Cypher,Sova,Brimstone,Yoru,Waylay,58.76,57,97
Haven,Breach,Cypher,Jett,Astra,Waylay,58.33,35,60
Haven,Breach,Killjoy,Astra,Neon,Iso,58.33,7,12
Haven,Sova,Jett,Yoru,Astra,Chamber,58.33,7,12
Haven,Breach,Jett,Chamber,Fade,Clove,58.33,7,12
Haven,Breach,Killjoy,Omen,Jett,Iso,58.33,7,12
Haven,Sova,Chamber,Neon,Clove,Waylay,58.33,7,12
Haven,Cypher,Omen,Jett,Yoru,Fade,58.33,7,12
Haven,Sova,Killjoy,Viper,Yoru,Astra,58.21,39,67
Haven,Sova,Sage,Omen,Jett,Chamber,57.89,33,57
Haven,Cypher,Sova,Yoru,Iso,Clove,57.83,48,83
Haven,Sova,Killjoy,Yoru,Astra,Iso,57.81,37,64
Haven,Cypher,Sova,Skye,Omen,Jett,57.5,23,40
Haven,Sova,Killjoy,Yoru,Neon,Clove,57.28,59,103
Haven,Cypher,Sova,Neon,Clove,Waylay,57.06,97,170
Haven,Sova,Killjoy,Jett,Clove,Waylay,56.56,69,122
Haven,Sova,Brimstone,Skye,Chamber,Gekko,56.52,13,23
Haven,Sage,Reyna,Chamber,Clove,Waylay,56.52,13,23
Haven,Sova,Reyna,Chamber,Clove,Waylay,56.52,13,23
Haven,Sova,Viper,Omen,Jett,Chamber,56.52,13,23
Haven,Sova,Skye,Omen,Chamber,Neon,56.52,13,23
Haven,Cypher,Sova,Sage,Neon,Clove,56.52,13,23
Haven,Sova,Viper,Iso,Clove,Veto,56.52,13,23
Haven,Killjoy,Viper,Skye,Clove,Waylay,56.52,13,23
Haven,Sova,Killjoy,Viper,Yoru,Clove,56.52,13,23
Haven,Killjoy,Viper,Omen,Jett,Tejo,56.52,13,23
Haven,Sova,Killjoy,Omen,Jett,Clove,56.52,13,23
Haven,Cypher,Sova,Yoru,Astra,Neon,56.25,54,96
Haven,Breach,Cypher,Omen,Neon,Tejo,56.25,27,48
Haven,Sova,Killjoy,Neon,Clove,Waylay,56.14,32,57
Haven,Cypher,Sova,Skye,Yoru,Clove,55.81,24,43
Haven,Sova,Jett,Reyna,Astra,Chamber,55.71,39,70
Haven,Sova,Killjoy,Jett,Yoru,Clove,55.63,79,142
Haven,Cypher,Sova,Omen,Neon,Fade,55.56,130,234
Haven,Sova,Omen,Jett,Yoru,Chamber,55.12,156,283
Haven,Sova,Jett,Chamber,Clove,Waylay,54.84,17,31
Haven,Sova,Killjoy,Jett,Iso,Clove,54.76,23,42
Haven,Cypher,Omen,Yoru,Fade,Waylay,54.76,23,42
Haven,Viper,Yoru,Astra,Fade,Vyse,54.65,47,86
Haven,Breach,Cypher,Omen,Tejo,Waylay,54.55,24,44
Haven,Cypher,Viper,Reyna,Iso,Waylay,54.55,6,11
Haven,Breach,Cypher,Sova,Jett,Astra,54.55,6,11
Haven,Sova,Viper,Omen,Chamber,Waylay,54.55,6,11
Haven,Sova,Killjoy,Omen,Neon,Iso,54.21,174,321
Haven,Cypher,Sova,Astra,Neon,Deadlock,54.17,13,24
Haven,Killjoy,Skye,Astra,Neon,Fade,54.17,13,24
Haven,Breach,Sova,Killjoy,Neon,Clove,54.17,13,24
Haven,Breach,Raze,Killjoy,Viper,Clove,54.17,13,24
Haven,Sova,Brimstone,Phoenix,Chamber,Iso,54.17,13,24
Haven,Sova,Sage,Brimstone,Chamber,Neon,54.17,13,24
Haven,Sova,Sage,Skye,Chamber,Clove,54.17,13,24
Haven,Sova,Yoru,Chamber,Clove,Waylay,54.17,13,24
Haven,Sova,Omen,Jett,Chamber,Deadlock,54.17,13,24
Haven,Killjoy,Omen,Jett,Chamber,Fade,54.17,13,24
Haven,Sova,Skye,Omen,Jett,Chamber,54.17,13,24
Haven,Sova,Omen,Jett,Chamber,Vyse,54.17,13,24
Haven,Cypher,Sage,Jett,Reyna,Clove,54.17,13,24
Haven,Cypher,Sova,KAY/O,Neon,Clove,54.17,13,24
Haven,Viper,Sage,Omen,Reyna,Veto,54.17,13,24
Haven,Sova,Jett,Reyna,Astra,Veto,54.17,13,24
Haven,Breach,Killjoy,Omen,Tejo,Waylay,54.17,13,24
Haven,Sova,Killjoy,Yoru,Astra,Neon,53.85,14,26
Haven,Sova,Killjoy,Neon,Iso,Clove,53.85,14,26
Haven,Sova,Killjoy,Skye,Jett,Clove,53.85,56,104
Haven,Killjoy,Skye,Omen,Neon,Tejo,53.85,14,26
Haven,Killjoy,Viper,Omen,Reyna,Neon,53.73,36,67
Haven,Breach,Phoenix,Reyna,Neon,Clove,53.57,15,28
Haven,Killjoy,Viper,Brimstone,KAY/O,Waylay,53.57,15,28
Haven,Omen,Yoru,Chamber,Fade,Clove,53.57,15,28
Haven,Omen,Chamber,Neon,Fade,Tejo,53.57,15,28
Haven,Sova,Omen,Jett,Chamber,Neon,53.47,108,202
Haven,Breach,Sova,Killjoy,Astra,Neon,53.45,62,116
Haven,Killjoy,Yoru,Astra,Gekko,Iso,53.33,16,30
Haven,Viper,Jett,KAY/O,Chamber,Fade,53.33,8,15
Haven,Sova,Killjoy,Viper,Omen,Neon,52.85,3673,6950
Haven,Sova,Killjoy,Viper,Omen,Jett,52.42,336,641
Haven,Sova,Omen,Yoru,Chamber,Iso,52.33,101,193
Haven,Sova,Killjoy,Omen,Yoru,Neon,51.93,1128,2172
Haven,Sova,Sage,Astra,Chamber,Neon,51.85,42,81
Haven,Cypher,Sova,Yoru,Clove,Waylay,51.61,16,31
Haven,Sova,Killjoy,Omen,Neon,Waylay,51.35,57,111
Haven,Breach,Sova,Omen,Jett,Chamber,51.24,62,121
Haven,Cypher,Sova,Omen,Yoru,Neon,51.14,1390,2718
Haven,Sova,Killjoy,Omen,Chamber,Clove,50.98,26,51
Haven,Cypher,Yoru,Astra,Neon,Fade,50.77,33,65
Haven,Sova,Yoru,Chamber,Neon,Clove,50.47,54,107
Haven,Sova,Killjoy,Viper,Jett,Clove,50.41,62,123
Haven,Sage,Omen,Yoru,Chamber,Fade,50.39,65,129
Haven,Sova,Killjoy,Viper,Omen,Yoru,50.17,1151,2294
Haven,Sova,Killjoy,Omen,Chamber,Neon,50.0,51,102
Haven,Sova,Killjoy,Sage,Jett,Clove,50.0,18,36
Haven,Sova,Killjoy,Yoru,Astra,Waylay,50.0,3,6
Haven,Breach,Sova,Chamber,Neon,Clove,50.0,6,12
Haven,Sova,Killjoy,Astra,Neon,Waylay,50.0,24,48
Haven,Cypher,Sova,Omen,Yoru,Waylay,49.83,432,867
Haven,Sova,Omen,Yoru,Chamber,Neon,49.73,184,370
Haven,Killjoy,Omen,Yoru,Neon,Fade,49.66,74,149
Haven,Sova,Omen,Yoru,Chamber,Waylay,49.57,57,115
Haven,Sage,Yoru,Astra,Chamber,Fade,49.56,282,569
Haven,Cypher,Sova,Omen,Neon,Iso,49.5,100,202
Haven,Cypher,Sova,Yoru,Neon,Clove,49.4,124,251
Haven,Killjoy,Viper,Omen,Yoru,Fade,49.24,325,660
Haven,Sova,Yoru,Astra,Chamber,Neon,48.94,23,47
Haven,Sova,Killjoy,Yoru,Iso,Clove,48.89,44,90
Haven,Sova,Killjoy,Skye,Omen,Jett,48.84,63,129
Haven,Cypher,Sova,Omen,Jett,Yoru,48.64,214,440
Haven,Cypher,Sova,Sage,Omen,Yoru,48.47,79,163
Haven,Sova,Killjoy,Skye,Omen,Waylay,48.39,45,93
Haven,Sova,Viper,Omen,Yoru,Waylay,47.92,23,48
Haven,Viper,Omen,Neon,Fade,Veto,47.83,22,46
Haven,Cypher,Sova,Omen,Neon,Deadlock,47.73,21,44
Haven,Sova,Killjoy,Omen,Jett,Iso,47.73,42,88
Haven,Cypher,Sova,Skye,Jett,Clove,47.57,49,103
Haven,Cypher,Sova,Omen,Yoru,Iso,47.38,516,1089
Haven,Breach,Sova,Omen,Neon,Veto,47.37,18,38
Haven,Sova,Killjoy,Skye,Omen,Neon,47.37,45,95
Haven,Sova,Viper,Omen,Chamber,Neon,47.34,80,169
Haven,Cypher,Sova,Sage,Omen,Jett,46.99,39,83
Haven,Raze,Sova,Omen,Jett,Chamber,46.99,39,83
Haven,Sova,Killjoy,Yoru,Clove,Waylay,46.99,39,83
Haven,Breach,Cypher,Sova,Omen,Jett,46.95,316,673
Haven,Sova,Killjoy,Sage,Omen,Neon,46.94,46,98
Haven,Sova,Killjoy,Omen,Yoru,Iso,46.82,280,598
Haven,Cypher,Sova,Jett,Yoru,Clove,46.72,57,122
Haven,Sova,Killjoy,Omen,Yoru,Harbor,46.43,13,28
Haven,Sova,Omen,Chamber,Neon,Iso,46.08,47,102
Haven,Cypher,Sova,Jett,Yoru,Astra,45.83,11,24
Haven,Cypher,Sova,Phoenix,Omen,Neon,45.83,11,24
Haven,Sova,Omen,KAY/O,Chamber,Neon,45.83,11,24
Haven,Sova,Killjoy,Omen,Yoru,Waylay,45.7,303,663
Haven,Breach,Cypher,Sova,Neon,Clove,45.45,35,77
Haven,Cypher,Sova,Sage,Omen,Waylay,45.45,30,66
Haven,Cypher,Sova,Omen,Jett,Neon,45.45,15,33
Haven,Breach,Sova,Omen,Chamber,Neon,45.21,99,219
Haven,Breach,Sova,Killjoy,Omen,Neon,45.11,682,1512
Haven,Cypher,Sova,Viper,Omen,Neon,45.09,101,224
Haven,Cypher,Sova,Viper,Omen,Yoru,44.98,94,209
Haven,Killjoy,Yoru,Astra,Neon,Fade,44.44,16,36
Haven,Sova,Killjoy,Omen,Reyna,Neon,44.44,16,36
Haven,Breach,Cypher,Sova,Omen,Neon,44.25,377,852
Haven,Sova,Omen,Jett,Chamber,Iso,43.48,10,23
Haven,Killjoy,Omen,KAY/O,Neon,Tejo,43.14,22,51
Haven,Sova,Killjoy,Omen,Jett,Neon,43.1,50,116
Haven,Sova,Chamber,Neon,Iso,Clove,42.86,18,42
Haven,Sova,Killjoy,Omen,Jett,Waylay,42.62,26,61
Haven,Breach,Sova,Killjoy,Omen,Waylay,42.22,19,45
Haven,Killjoy,Viper,Reyna,Neon,Clove,42.22,19,45
Haven,Cypher,Sova,Sage,Omen,Neon,41.67,20,48
Haven,Sova,Killjoy,Sage,Omen,Jett,41.38,48,116
Haven,Killjoy,Omen,Reyna,Neon,Tejo,41.38,36,87
Haven,Killjoy,Omen,Yoru,Fade,Waylay,41.03,16,39
Haven,Killjoy,Sage,Yoru,Astra,Fade,40.91,9,22
Haven,Breach,Sova,Omen,Yoru,Veto,40.91,9,22
Haven,Brimstone,Neon,Harbor,Iso,Vyse,40.91,9,22
Haven,Cypher,Sage,Omen,Yoru,Fade,40.91,9,22
Haven,Sova,Viper,Omen,Jett,Reyna,40.91,9,22
Haven,Omen,KAY/O,Chamber,Neon,Fade,40.91,9,22
Haven,Sova,Killjoy,Viper,Omen,Waylay,40.82,40,98
Haven,Killjoy,Viper,Yoru,Fade,Clove,40.48,17,42
Haven,Breach,Sova,Jett,Chamber,Clove,39.02,16,41
Haven,Breach,Sova,Killjoy,Omen,Jett,39.01,236,605
Haven,Breach,Cypher,Sova,Astra,Neon,38.1,8,21
Haven,Sova,Omen,Jett,Chamber,Clove,38.1,8,21
Haven,Killjoy,Viper,Omen,Jett,Reyna,36.59,15,41
Haven,Sova,Killjoy,Omen,Jett,Yoru,35.99,140,389
Haven,Sova,Killjoy,Viper,Neon,Clove,35.42,17,48
Haven,Cypher,Sova,Omen,Chamber,Neon,35.0,7,20
Haven,Cypher,Sova,Omen,Jett,Iso,35.0,14,40
Haven,Cypher,Omen,Yoru,Deadlock,Tejo,33.9,20,59
Haven,Sova,Viper,Omen,Yoru,Chamber,32.84,22,67
Haven,Cypher,Sova,Omen,Neon,Waylay,31.87,29,91
Haven,Breach,Killjoy,Brimstone,Neon,Fade,31.58,6,19
Haven,Cypher,Sova,Omen,Jett,Waylay,29.73,11,37
Haven,Breach,Omen,Neon,Tejo,Veto,27.78,5,18
Haven,Sova,Sage,Yoru,Astra,Chamber,23.53,4,17
Haven,Cypher,Sova,Omen,Jett,Chamber,23.53,4,17
Haven,Sova,Viper,Omen,Yoru,Vyse,23.53,4,17
Haven,Killjoy,Sage,Skye,Jett,Clove,16.67,2,12
Icebox,Sova,Astra,Tejo,Waylay,Veto,92.86,13,14
Icebox,Yoru,Chamber,Fade,Clove,Tejo,92.86,13,14
Icebox,Skye,Fade,Clove,Waylay,Veto,92.86,13,14
Icebox,Sova,Sage,Astra,Chamber,Tejo,86.67,13,15
Icebox,Viper,Phoenix,Skye,Vyse,Tejo,86.67,13,15
Icebox,Skye,Yoru,Astra,Fade,Vyse,81.25,13,16
Icebox,Sova,Sage,Yoru,Astra,Veto,81.25,13,16
Icebox,Jett,Astra,Chamber,Neon,Fade,76.47,13,17
Icebox,Sage,Jett,Astra,Fade,Veto,76.47,13,17
Icebox,Sova,Phoenix,Yoru,Astra,Chamber,75.0,6,8
Icebox,Cypher,Sage,Astra,Neon,Fade,72.22,13,18
Icebox,Killjoy,Skye,Jett,Astra,Fade,72.22,13,18
Icebox,Raze,Killjoy,Skye,Astra,Fade,72.22,26,36
Icebox,Sova,Killjoy,Yoru,Clove,Waylay,72.22,13,18
Icebox,Sova,Killjoy,Jett,Astra,Tejo,70.91,39,55
Icebox,Sage,Yoru,Astra,Fade,Vyse,70.65,65,92
Icebox,Jett,Astra,Chamber,Fade,Iso,68.42,26,38
Icebox,Skye,Astra,Chamber,Fade,Waylay,68.42,13,19
Icebox,Raze,Killjoy,Yoru,Astra,Clove,68.42,13,19
Icebox,Sova,Killjoy,Sage,Yoru,Astra,68.42,13,19
Icebox,Jett,KAY/O,Chamber,Fade,Clove,66.67,26,39
Icebox,Skye,Jett,Chamber,Fade,Clove,66.67,26,39
Icebox,Cypher,Sage,Astra,Chamber,Fade,65.0,13,20
Icebox,Sova,Skye,Jett,Astra,Chamber,65.0,26,40
Icebox,Cypher,Sova,Astra,KAY/O,Neon,65.0,26,40
Icebox,Killjoy,Astra,Neon,Fade,Gekko,65.0,13,20
Icebox,Sova,Killjoy,Astra,Neon,Vyse,65.0,13,20
Icebox,Raze,Killjoy,Yoru,Astra,Fade,63.41,26,41
Icebox,Killjoy,Brimstone,KAY/O,Neon,Tejo,63.41,26,41
Icebox,Sage,Jett,Astra,Fade,Vyse,61.9,13,21
Icebox,Killjoy,Sage,Jett,Astra,Tejo,61.9,13,21
Icebox,Sova,Sage,Jett,Astra,Veto,61.9,13,21
Icebox,Sova,Jett,Yoru,Chamber,Clove,61.9,13,21
Icebox,Cypher,Yoru,Fade,Iso,Clove,61.9,13,21
Icebox,Killjoy,Yoru,Fade,Clove,Waylay,60.58,63,104
Icebox,Skye,Jett,Astra,Chamber,Fade,60.0,39,65
Icebox,Astra,Chamber,Neon,Fade,Waylay,59.49,47,79
Icebox,Sova,Yoru,Astra,KAY/O,Chamber,59.09,13,22
Icebox,Phoenix,Astra,Neon,Fade,Vyse,59.09,13,22
Icebox,Sova,Killjoy,Yoru,Astra,Iso,59.09,13,22
Icebox,Killjoy,Sage,Astra,Neon,Tejo,59.09,13,22
Icebox,Sova,Killjoy,Brimstone,KAY/O,Neon,59.09,13,22
Icebox,Killjoy,Yoru,Neon,Fade,Clove,59.09,26,44
Icebox,Sova,Killjoy,Jett,Reyna,Clove,59.09,13,22
Icebox,Astra,Chamber,Neon,Fade,Vyse,57.14,52,91
Icebox,Cypher,Sova,Astra,Tejo,Waylay,56.92,37,65
Icebox,Killjoy,Astra,Chamber,Fade,Waylay,56.82,50,88
Icebox,Yoru,Astra,Fade,Tejo,Veto,56.58,43,76
Icebox,Sova,Killjoy,Yoru,Astra,Chamber,56.52,13,23
Icebox,Killjoy,Yoru,Astra,Fade,Iso,56.52,26,46
Icebox,Raze,Yoru,Astra,Fade,Veto,56.52,13,23
Icebox,Killjoy,Brimstone,Jett,Fade,Iso,56.52,13,23
Icebox,Jett,Astra,KAY/O,Fade,Vyse,56.45,35,62
Icebox,Jett,Astra,Chamber,Fade,Tejo,56.34,40,71
Icebox,Jett,Astra,KAY/O,Chamber,Fade,56.16,164,292
Icebox,Astra,Neon,Fade,Harbor,Veto,56.1,23,41
Icebox,Killjoy,Viper,Omen,Yoru,Fade,55.68,98,176
Icebox,Sova,Killjoy,Yoru,Astra,Tejo,55.41,169,305
Icebox,Cypher,Sova,Yoru,Astra,Neon,55.31,125,226
Icebox,Sova,Killjoy,Jett,Yoru,Clove,55.29,47,85
Icebox,Sova,Astra,KAY/O,Chamber,Waylay,55.26,42,76
Icebox,Yoru,Astra,Fade,Vyse,Waylay,55.06,49,89
Icebox,Cypher,Yoru,Astra,Fade,Tejo,54.9,112,204
Icebox,Killjoy,Sage,Yoru,Astra,Fade,54.43,86,158
Icebox,Sova,Sage,Jett,Astra,Chamber,54.17,13,24
Icebox,Sova,Killjoy,Brimstone,Skye,Neon,54.17,13,24
Icebox,Sova,Skye,Jett,Chamber,Clove,54.17,13,24
Icebox,Astra,KAY/O,Chamber,Neon,Tejo,54.14,183,338
Icebox,Cypher,Yoru,Astra,Neon,Fade,54.1,66,122
Icebox,Yoru,KAY/O,Chamber,Fade,Clove,53.93,48,89
Icebox,Breach,Killjoy,Astra,Tejo,Waylay,53.85,42,78
Icebox,Sage,Phoenix,Astra,Chamber,Fade,53.85,35,65
Icebox,Astra,Chamber,Neon,Fade,Veto,53.57,15,28
Icebox,Sova,Killjoy,Viper,Jett,Astra,53.57,15,28
Icebox,Killjoy,Brimstone,KAY/O,Tejo,Waylay,53.57,90,168
Icebox,Sova,Yoru,Chamber,Clove,Waylay,53.57,15,28
Icebox,Killjoy,Yoru,KAY/O,Neon,Fade,53.57,15,28
Icebox,Killjoy,Astra,Neon,Fade,Tejo,53.51,122,228
Icebox,Sova,Killjoy,Yoru,Astra,Waylay,53.24,411,772
Icebox,Killjoy,Sage,Astra,Fade,Waylay,53.06,52,98
Icebox,Yoru,Astra,Chamber,Fade,Vyse,52.99,133,251
Icebox,Sova,Killjoy,Yoru,Astra,Neon,52.4,480,916
Icebox,Sage,Astra,Fade,Vyse,Waylay,52.0,26,50
Icebox,Sova,Astra,Chamber,Neon,Tejo,51.85,56,108
Icebox,Killjoy,Yoru,Astra,KAY/O,Tejo,51.77,73,141
Icebox,Yoru,Astra,Chamber,Neon,Fade,51.73,194,375
Icebox,Cypher,Sova,Yoru,Astra,Waylay,51.7,91,176
Icebox,Killjoy,Sage,Jett,Astra,Fade,51.52,34,66
Icebox,Phoenix,Yoru,Astra,Fade,Vyse,51.52,85,165
Icebox,Sova,Sage,Yoru,Astra,Chamber,51.35,19,37
Icebox,Jett,Yoru,Astra,Chamber,Fade,51.2,192,375
Icebox,Astra,KAY/O,Tejo,Waylay,Veto,51.16,22,43
Icebox,Sova,Killjoy,Astra,Neon,Tejo,51.06,24,47
Icebox,Cypher,Sova,Astra,Neon,Tejo,50.85,30,59
Icebox,Sova,Killjoy,Astra,KAY/O,Neon,50.68,111,219
Icebox,Killjoy,Yoru,Astra,Fade,Waylay,50.52,385,762
Icebox,Sova,Yoru,Astra,Chamber,Neon,50.41,61,121
Icebox,Killjoy,Yoru,Astra,Neon,Fade,50.23,658,1310
Icebox,Astra,KAY/O,Chamber,Tejo,Waylay,50.09,273,545
Icebox,Yoru,Astra,Chamber,Fade,Tejo,50.0,89,178
Icebox,Killjoy,Yoru,Astra,Fade,Harbor,50.0,29,58
Icebox,Killjoy,Jett,Yoru,Astra,Tejo,50.0,21,42
Icebox,Jett,Chamber,Fade,Clove,Waylay,49.51,51,103
Icebox,Sova,Killjoy,Astra,Tejo,Waylay,49.51,153,309
Icebox,Sova,Killjoy,Astra,KAY/O,Waylay,49.36,154,312
Icebox,Sova,Jett,Yoru,Astra,Chamber,49.25,33,67
Icebox,Yoru,Chamber,Neon,Fade,Clove,49.23,32,65
Icebox,Killjoy,Astra,KAY/O,Tejo,Waylay,49.07,79,161
Icebox,Astra,Fade,Tejo,Waylay,Veto,48.84,21,43
Icebox,Astra,KAY/O,Chamber,Neon,Fade,48.15,39,81
Icebox,Cypher,Sova,Sage,Astra,Neon,48.15,39,81
Icebox,Killjoy,Astra,KAY/O,Neon,Tejo,47.97,59,123
Icebox,Killjoy,Brimstone,Yoru,Fade,Waylay,47.89,34,71
Icebox,Yoru,Astra,Chamber,Fade,Waylay,47.87,214,447
Icebox,Killjoy,Astra,Fade,Tejo,Waylay,47.77,161,337
Icebox,Killjoy,Yoru,Astra,Fade,Tejo,47.55,243,511
Icebox,Sova,Killjoy,Yoru,Astra,KAY/O,46.98,70,149
Icebox,Killjoy,Astra,Chamber,Neon,Gekko,46.88,15,32
Icebox,Sova,Yoru,Astra,Waylay,Veto,46.43,13,28
Icebox,Raze,Yoru,Astra,Chamber,Fade,46.43,13,28
Icebox,Phoenix,Yoru,Astra,Chamber,Fade,46.15,24,52
Icebox,Phoenix,Yoru,Astra,Fade,Tejo,46.15,12,26
Icebox,Killjoy,Yoru,Astra,Neon,Tejo,46.15,72,156
Icebox,Killjoy,Sage,Omen,Jett,Fade,45.83,11,24
Icebox,Raze,Skye,Chamber,Fade,Clove,45.83,11,24
Icebox,Yoru,Astra,Neon,Fade,Vyse,45.83,11,24
Icebox,Killjoy,Sage,Astra,Tejo,Waylay,45.38,54,119
Icebox,Sova,Yoru,Astra,Chamber,Waylay,44.83,52,116
Icebox,Astra,KAY/O,Chamber,Fade,Waylay,44.67,197,441
Icebox,Killjoy,Yoru,Astra,Chamber,Fade,44.1,86,195
Icebox,Cypher,Sage,Jett,Astra,Fade,44.05,37,84
Icebox,Sova,Killjoy,Jett,Yoru,Astra,43.9,54,123
Icebox,Astra,KAY/O,Chamber,Neon,Waylay,43.75,14,32
Icebox,Killjoy,Jett,Yoru,Astra,Fade,43.7,59,135
Icebox,Sova,Brimstone,Chamber,Fade,Waylay,43.48,10,23
Icebox,Astra,Chamber,Fade,Vyse,Waylay,43.48,10,23
Icebox,Killjoy,Sage,Neon,Fade,Clove,43.48,10,23
Icebox,Astra,Chamber,Neon,Fade,Clove,43.48,10,23
Icebox,Viper,Omen,Fade,Vyse,Waylay,43.48,10,23
Icebox,Killjoy,Jett,Astra,KAY/O,Fade,43.4,46,106
Icebox,Killjoy,Yoru,Astra,Tejo,Waylay,42.86,60,140
Icebox,Killjoy,Astra,KAY/O,Neon,Fade,42.59,23,54
Icebox,Breach,Killjoy,Astra,Neon,Tejo,42.22,19,45
Icebox,Viper,Yoru,Astra,Tejo,Waylay,41.46,17,41
Icebox,Sova,Astra,KAY/O,Chamber,Neon,41.18,28,68
Icebox,Brimstone,Jett,KAY/O,Chamber,Tejo,40.91,9,22
Icebox,Breach,Skye,Yoru,Astra,Veto,40.91,9,22
Icebox,Jett,Yoru,Chamber,Fade,Clove,40.91,9,22
Icebox,Yoru,Astra,Fade,Waylay,Veto,40.91,9,22
Icebox,Sova,Killjoy,Jett,Astra,KAY/O,40.87,47,115
Icebox,Astra,KAY/O,Fade,Waylay,Veto,40.48,17,42
Icebox,Breach,Sova,Astra,Chamber,Neon,40.0,2,5
Icebox,Yoru,Astra,Fade,Vyse,Tejo,40.0,2,5
Icebox,Sage,Yoru,Astra,Fade,Veto,39.53,17,43
Icebox,Killjoy,Sage,Astra,Neon,Fade,39.53,34,86
Icebox,Killjoy,Sage,Skye,Astra,Fade,39.53,17,43
Icebox,Breach,Sage,Astra,Chamber,Waylay,38.1,8,21
Icebox,Sage,Yoru,Astra,Chamber,Fade,38.1,8,21
Icebox,Killjoy,Sage,Fade,Clove,Waylay,38.1,8,21
Icebox,Sage,Jett,Astra,Chamber,Fade,37.74,20,53
Icebox,Astra,Chamber,Fade,Tejo,Waylay,37.5,30,80
Icebox,Yoru,Chamber,Fade,Clove,Waylay,37.18,29,78
Icebox,Astra,Chamber,Neon,Fade,Tejo,36.59,15,41
Icebox,Yoru,Astra,Chamber,Fade,Harbor,36.36,16,44
Icebox,Jett,Yoru,Astra,Fade,Vyse,35.14,13,37
Icebox,Cypher,Jett,Yoru,Astra,Fade,35.0,7,20
Icebox,Raze,Skye,Astra,Fade,Vyse,35.0,7,20
Icebox,Killjoy,Astra,Chamber,Neon,Fade,35.0,7,20
Icebox,Sova,Sage,Jett,Astra,Vyse,35.0,7,20
Icebox,Cypher,Yoru,Astra,Tejo,Waylay,35.0,7,20
Icebox,Sage,Astra,Chamber,Fade,Waylay,33.33,4,12
Icebox,Skye,Yoru,Astra,Chamber,Fade,33.33,4,12
Icebox,Killjoy,Omen,Jett,Yoru,Fade,33.33,4,12
Icebox,Cypher,Jett,Astra,Fade,Vyse,33.33,4,12
Icebox,Sova,Yoru,Astra,Harbor,Waylay,31.58,6,19
Icebox,Jett,Chamber,Neon,Fade,Clove,31.58,6,19
Icebox,Sova,Skye,Jett,Astra,Veto,31.58,6,19
Icebox,Killjoy,Astra,KAY/O,Fade,Waylay,28.18,31,110
Icebox,Jett,Astra,Chamber,Fade,Vyse,27.78,10,36
Icebox,Yoru,Astra,KAY/O,Chamber,Tejo,27.78,5,18
Icebox,Breach,Omen,Jett,Harbor,Tejo,27.78,5,18
Icebox,Sage,Jett,Chamber,Fade,Clove,25.0,3,12
Icebox,Cypher,Sova,Jett,Yoru,Astra,23.53,4,17
Icebox,Astra,KAY/O,Vyse,Tejo,Waylay,23.53,4,17
Icebox,Sova,Yoru,Astra,Neon,Vyse,23.53,4,17
Icebox,Omen,Yoru,Chamber,Neon,Tejo,23.53,4,17
Icebox,Killjoy,Phoenix,Yoru,Astra,Fade,20.41,10,49
Icebox,Sova,Killjoy,Astra,Chamber,Neon,18.75,3,16
Icebox,Killjoy,Jett,Astra,Fade,Vyse,18.75,3,16
Icebox,Sage,Phoenix,Jett,Fade,Clove,18.75,3,16
Icebox,Phoenix,Skye,Jett,Clove,Waylay,13.33,2,15
Icebox,Sova,Jett,Astra,KAY/O,Chamber,8.33,1,12
Icebox,Yoru,Astra,Fade,Deadlock,Waylay,8.33,1,12
Icebox,Killjoy,Yoru,Astra,KAY/O,Fade,8.33,1,12
Icebox,Breach,Killjoy,Jett,Reyna,Astra,7.14,1,14
Lotus,Breach,Sova,Killjoy,Viper,Neon,92.86,13,14
Lotus,Raze,Viper,Chamber,Fade,Clove,86.67,13,15
Lotus,Raze,Reyna,Chamber,Iso,Clove,81.25,13,16
Lotus,Sova,Killjoy,Skye,Omen,Waylay,76.47,13,17
Lotus,Raze,Sova,Killjoy,Viper,Yoru,76.47,13,17
Lotus,Brimstone,Skye,Fade,Gekko,Veto,72.22,13,18
Lotus,Viper,Brimstone,Jett,Fade,Waylay,72.22,13,18
Lotus,Brimstone,Yoru,Neon,Fade,Veto,72.22,13,18
Lotus,Killjoy,Neon,Fade,Harbor,Clove,72.22,13,18
Lotus,Fade,Iso,Clove,Vyse,Waylay,72.22,13,18
Lotus,Sage,Omen,Fade,Clove,Veto,72.22,13,18
Lotus,Fade,Clove,Tejo,Waylay,Veto,72.22,13,18
Lotus,Raze,Reyna,Astra,Vyse,Waylay,68.42,13,19
Lotus,Phoenix,Reyna,Chamber,Clove,Waylay,68.42,13,19
Lotus,Sova,Phoenix,Neon,Clove,Tejo,68.42,13,19
Lotus,Viper,Fade,Iso,Vyse,Waylay,68.42,13,19
Lotus,Viper,Sage,Omen,Fade,Vyse,68.42,13,19
Lotus,Breach,Sova,Phoenix,Chamber,Waylay,65.0,13,20
Lotus,Viper,Sage,Brimstone,Fade,Veto,65.0,13,20
Lotus,Omen,Jett,Yoru,Chamber,Fade,65.0,13,20
Lotus,Skye,Neon,Deadlock,Clove,Tejo,65.0,13,20
Lotus,Cypher,Neon,Fade,Clove,Waylay,62.96,51,81
Lotus,KAY/O,Chamber,Fade,Clove,Waylay,61.9,13,21
Lotus,Sova,Sage,Astra,Chamber,Deadlock,59.09,13,22
Lotus,Sova,Phoenix,Skye,Astra,Chamber,59.09,13,22
Lotus,Sova,Omen,Yoru,Chamber,Waylay,59.09,13,22
Lotus,Omen,Yoru,Chamber,Tejo,Veto,59.09,13,22
Lotus,Viper,Fade,Harbor,Tejo,Waylay,59.09,13,22
Lotus,Reyna,Harbor,Gekko,Waylay,Veto,59.09,13,22
Lotus,Raze,Killjoy,Omen,Fade,Iso,57.45,27,47
Lotus,Brimstone,Phoenix,KAY/O,Fade,Waylay,56.52,13,23
Lotus,Raze,Omen,Yoru,Chamber,Fade,56.52,39,69
Lotus,Sova,Omen,Chamber,Neon,Waylay,56.52,13,23
Lotus,Raze,Killjoy,Viper,Omen,Fade,56.31,58,103
Lotus,Raze,Viper,Omen,Fade,Veto,55.26,63,114
Lotus,Raze,Omen,Chamber,Fade,Iso,54.55,24,44
Lotus,Jett,Reyna,Deadlock,Clove,Waylay,54.39,31,57
Lotus,Omen,Astra,Chamber,Neon,Fade,54.17,13,24
Lotus,Breach,Brimstone,Neon,Deadlock,Clove,54.17,13,24
Lotus,Omen,Chamber,Neon,Fade,Clove,54.17,13,24
Lotus,Omen,KAY/O,Chamber,Neon,Fade,54.17,13,24
Lotus,Raze,Killjoy,Jett,Clove,Tejo,54.17,13,24
Lotus,Sova,Sage,Omen,Clove,Veto,54.17,13,24
Lotus,Viper,Phoenix,Omen,Jett,Fade,54.17,13,24
Lotus,Viper,Yoru,Neon,Vyse,Tejo,54.17,13,24
Lotus,Omen,KAY/O,Chamber,Iso,Waylay,53.85,14,26
Lotus,Yoru,Neon,Fade,Harbor,Vyse,53.85,14,26
Lotus,Raze,Omen,Chamber,Fade,Waylay,53.57,30,56
Lotus,Breach,Raze,Cypher,Omen,Jett,53.33,16,30
Lotus,Killjoy,Omen,Neon,Tejo,Waylay,53.33,16,30
Lotus,Viper,Omen,Fade,Tejo,Waylay,52.94,18,34
Lotus,Omen,KAY/O,Chamber,Fade,Waylay,52.73,29,55
Lotus,Cypher,Omen,Neon,Fade,Waylay,51.11,23,45
Lotus,Breach,Omen,Neon,Clove,Tejo,50.0,47,94
Lotus,Raze,Viper,Omen,Chamber,Fade,50.0,23,46
Lotus,Raze,Killjoy,Omen,Yoru,Fade,50.0,21,42
Lotus,Raze,Jett,Reyna,Clove,Veto,50.0,1,2
Lotus,Cypher,Skye,Omen,Neon,Tejo,50.0,3,6
Lotus,Omen,Yoru,Chamber,Neon,Fade,47.62,40,84
Lotus,Omen,Yoru,Chamber,Fade,Waylay,47.06,16,34
Lotus,Breach,Raze,Reyna,Clove,Vyse,46.67,14,30
Lotus,Sova,Sage,Phoenix,Chamber,Clove,46.67,14,30
Lotus,Breach,Cypher,Yoru,Fade,Clove,46.43,13,28
Lotus,Killjoy,Viper,Astra,Neon,Fade,46.15,12,26
Lotus,Raze,Sova,Killjoy,Clove,Waylay,46.15,12,26
Lotus,Breach,Cypher,Jett,Astra,Waylay,45.83,11,24
Lotus,Sova,Skye,Astra,KAY/O,Deadlock,45.83,11,24
Lotus,Raze,Sova,Brimstone,Yoru,Vyse,45.83,11,24
Lotus,Viper,Omen,Neon,Fade,Tejo,45.83,22,48
Lotus,Sova,Phoenix,Omen,Harbor,Waylay,45.83,11,24
Lotus,Sova,Viper,Sage,Waylay,Veto,45.83,11,24
Lotus,Breach,Sage,Omen,Tejo,Veto,43.48,10,23
Lotus,Raze,Killjoy,Yoru,Fade,Clove,43.48,10,23
Lotus,Raze,Reyna,Fade,Clove,Vyse,43.48,10,23
Lotus,Raze,Viper,Yoru,Chamber,Iso,41.67,5,12
Lotus,Killjoy,Astra,Neon,Fade,Deadlock,40.91,9,22
Lotus,Phoenix,Jett,Astra,Fade,Iso,40.91,9,22
Lotus,Breach,Brimstone,Neon,Fade,Veto,40.91,9,22
Lotus,Breach,Raze,Omen,Fade,Vyse,40.91,9,22
Lotus,Breach,Killjoy,Viper,Omen,Neon,40.91,9,22
Lotus,Viper,Chamber,Neon,Fade,Clove,40.91,9,22
Lotus,Raze,Omen,Chamber,Fade,Vyse,40.91,9,22
Lotus,Omen,Yoru,Neon,Fade,Clove,40.91,9,22
Lotus,Skye,Fade,Clove,Vyse,Waylay,40.91,9,22
Lotus,Viper,Fade,Iso,Waylay,Veto,40.91,9,22
Lotus,Viper,Omen,Jett,Neon,Fade,40.91,9,22
Lotus,Phoenix,Omen,Neon,Fade,Veto,40.91,9,22
Lotus,Viper,Omen,Chamber,Neon,Fade,39.66,23,58
Lotus,Viper,Jett,Chamber,Fade,Clove,38.1,8,21
Lotus,Killjoy,Omen,Neon,Fade,Deadlock,38.1,8,21
Lotus,Killjoy,Omen,Yoru,Neon,Fade,38.1,8,21
Lotus,Astra,Neon,Fade,Harbor,Veto,35.0,7,20
Lotus,Breach,Killjoy,Omen,Jett,Fade,35.0,7,20
Lotus,Raze,Sova,Brimstone,KAY/O,Vyse,35.0,7,20
Lotus,Sova,Viper,Omen,Chamber,Neon,35.0,7,20
Lotus,Phoenix,Omen,Yoru,Neon,Tejo,35.0,7,20
Lotus,Breach,Raze,Fade,Clove,Vyse,33.33,4,12
Lotus,Raze,Yoru,Fade,Deadlock,Clove,33.33,4,12
Lotus,Raze,Killjoy,Skye,Omen,Tejo,33.33,4,12
Lotus,Raze,Phoenix,Astra,KAY/O,Tejo,33.33,4,12
Lotus,Sova,Yoru,Chamber,Neon,Clove,33.33,4,12
Lotus,Breach,Raze,Astra,Chamber,Fade,31.58,6,19
Lotus,Brimstone,Reyna,Yoru,Waylay,Veto,31.58,6,19
Lotus,Sova,Phoenix,Skye,Chamber,Clove,31.58,6,19
Lotus,Viper,Skye,Fade,Deadlock,Clove,31.58,6,19
Lotus,Omen,Yoru,KAY/O,Fade,Vyse,31.58,6,19
Lotus,Breach,Raze,Reyna,Astra,Vyse,27.78,5,18
Lotus,Raze,Astra,KAY/O,Neon,Vyse,27.78,5,18
Lotus,Breach,Skye,Astra,Chamber,Fade,16.67,2,12
Pearl,Sova,Viper,Jett,Astra,Clove,92.86,13,14
Pearl,Phoenix,Skye,Astra,Neon,Gekko,81.25,13,16
Pearl,Sova,Viper,Jett,Reyna,Chamber,76.47,13,17
Pearl,Sova,Skye,Jett,Yoru,Harbor,76.47,13,17
Pearl,Sova,Viper,Phoenix,Chamber,Neon,72.22,26,36
Pearl,Cypher,Omen,Jett,KAY/O,Gekko,72.22,13,18
Pearl,Sova,Jett,Yoru,Astra,Harbor,70.27,26,37
Pearl,Sova,Yoru,Astra,Neon,Harbor,68.42,26,38
Pearl,Sova,Viper,Skye,Astra,Neon,68.42,13,19
Pearl,Breach,Cypher,Omen,Jett,Waylay,68.42,13,19
Pearl,Sova,Viper,Yoru,Neon,Clove,68.42,39,57
Pearl,Cypher,Sova,Skye,Jett,Harbor,68.42,13,19
Pearl,Killjoy,Reyna,Neon,Harbor,Iso,68.42,13,19
Pearl,Sova,Viper,Astra,Neon,Iso,65.0,13,20
Pearl,Breach,Phoenix,Yoru,Harbor,Waylay,65.0,13,20
Pearl,Sova,Viper,Chamber,Neon,Harbor,65.0,13,20
Pearl,Sova,Viper,Jett,Yoru,Harbor,62.82,49,78
Pearl,Sova,Viper,Omen,Jett,Chamber,61.9,26,42
Pearl,Sova,Viper,Jett,Yoru,Veto,61.9,13,21
Pearl,Sova,Viper,Yoru,Harbor,Waylay,59.62,31,52
Pearl,Breach,Cypher,Skye,Neon,Harbor,59.09,13,22
Pearl,Sova,Viper,Jett,Chamber,Iso,59.09,13,22
Pearl,Omen,Yoru,Chamber,Neon,Tejo,59.09,13,22
Pearl,Sova,Viper,Omen,Yoru,Neon,58.94,122,207
Pearl,Sova,Viper,Yoru,Chamber,Clove,57.71,101,175
Pearl,Yoru,Astra,KAY/O,Fade,Harbor,56.58,43,76
Pearl,Sova,Viper,Brimstone,Jett,Yoru,56.52,13,23
Pearl,Sova,Viper,Yoru,Chamber,Iso,56.52,13,23
Pearl,Sova,Viper,Yoru,Chamber,Neon,56.52,13,23
Pearl,Skye,Jett,Reyna,Clove,Vyse,56.52,13,23
Pearl,Cypher,Sova,Viper,Yoru,Neon,56.52,13,23
Pearl,Sova,Chamber,Neon,Harbor,Waylay,56.41,22,39
Pearl,Sova,Viper,Jett,Neon,Clove,56.25,27,48
Pearl,Sova,Viper,Omen,Jett,Yoru,54.99,215,391
Pearl,Sova,Viper,Astra,Chamber,Neon,54.17,13,24
Pearl,Breach,Phoenix,Jett,Neon,Harbor,54.17,13,24
Pearl,Viper,Skye,Jett,Chamber,Harbor,54.17,13,24
Pearl,Viper,Omen,Jett,Reyna,Chamber,54.17,13,24
Pearl,Sage,Omen,Reyna,Chamber,Tejo,54.17,13,24
Pearl,Sova,Viper,Omen,Yoru,Waylay,54.03,114,211
Pearl,Sova,Omen,Yoru,Astra,Veto,53.73,36,67
Pearl,Cypher,Sova,Astra,Neon,Tejo,53.52,38,71
Pearl,Sova,Omen,Jett,Yoru,Astra,53.23,33,62
Pearl,Sova,Jett,Yoru,Astra,Chamber,53.15,59,111
Pearl,Sova,Viper,Yoru,Harbor,Veto,52.7,39,74
Pearl,Cypher,Sova,Viper,Yoru,Astra,52.46,32,61
Pearl,Sova,Viper,Jett,Chamber,Clove,51.77,73,141
Pearl,Sova,Viper,Jett,KAY/O,Chamber,51.49,69,134
Pearl,Sova,Viper,Yoru,Astra,Neon,51.36,1228,2391
Pearl,Sova,Viper,Jett,Yoru,Astra,50.65,1083,2138
Pearl,Cypher,Viper,Jett,KAY/O,Tejo,50.0,20,40
Pearl,Sova,Viper,Jett,Yoru,Clove,49.71,86,173
Pearl,Sova,Viper,Astra,KAY/O,Neon,49.43,43,87
Pearl,Cypher,Sova,Viper,Jett,Harbor,48.94,46,94
Pearl,Sova,Viper,Jett,Yoru,Chamber,47.22,51,108
Pearl,Sova,Viper,Yoru,Astra,Chamber,46.26,130,281
Pearl,Breach,Cypher,Sova,Astra,Neon,46.15,12,26
Pearl,Astra,KAY/O,Neon,Harbor,Iso,46.15,12,26
Pearl,Sova,Viper,Omen,Reyna,Yoru,46.15,12,26
Pearl,Sova,Viper,KAY/O,Chamber,Waylay,46.0,23,50
Pearl,Sage,Reyna,Astra,Chamber,Clove,45.83,11,24
Pearl,Sova,Viper,Phoenix,Astra,Neon,45.83,11,24
Pearl,Breach,Cypher,Jett,Harbor,Iso,45.83,11,24
Pearl,Cypher,Sova,Viper,Omen,Yoru,45.65,21,46
Pearl,Viper,Reyna,Yoru,Astra,Neon,44.68,21,47
Pearl,Cypher,Sova,Viper,Jett,Yoru,44.06,63,143
Pearl,Sova,Yoru,Astra,Chamber,Neon,43.59,34,78
Pearl,Sova,Yoru,Astra,Neon,Veto,43.48,10,23
Pearl,Sova,Sage,Omen,Yoru,Astra,43.48,10,23
Pearl,Sova,Omen,Yoru,Astra,Waylay,43.48,10,23
Pearl,Sova,Viper,Omen,Chamber,Neon,43.48,20,46
Pearl,Sova,Viper,Yoru,Chamber,Waylay,43.48,10,23
Pearl,Omen,Jett,Yoru,Fade,Vyse,43.48,10,23
Pearl,Sova,Omen,Harbor,Iso,Veto,43.48,10,23
Pearl,Sova,Viper,Jett,Chamber,Neon,42.72,44,103
Pearl,Sova,Viper,Jett,Astra,KAY/O,42.63,81,190
Pearl,Sova,Viper,Omen,Jett,KAY/O,41.76,38,91
Pearl,Sova,Viper,Astra,Neon,Waylay,41.27,26,63
Pearl,Breach,Cypher,Sova,Viper,Neon,41.03,16,39
Pearl,Sova,Skye,Jett,Astra,Chamber,40.91,9,22
Pearl,Breach,Sova,Viper,Yoru,Neon,40.91,9,22
Pearl,Reyna,Yoru,KAY/O,Chamber,Clove,40.91,9,22
Pearl,Sova,Viper,Omen,Chamber,Waylay,40.91,9,22
Pearl,Cypher,Jett,Fade,Iso,Clove,40.91,9,22
Pearl,Viper,Phoenix,Omen,Yoru,Fade,40.91,9,22
Pearl,Sova,Killjoy,Viper,Jett,KAY/O,40.91,9,22
Pearl,Sova,Viper,Yoru,Astra,Waylay,40.34,71,176
Pearl,Sova,Viper,Omen,Jett,Reyna,39.02,32,82
Pearl,Sova,Viper,Jett,Astra,Chamber,38.46,45,117
Pearl,Cypher,Sova,Jett,Yoru,Astra,38.1,16,42
Pearl,Cypher,Sova,Yoru,Astra,Waylay,38.1,8,21
Pearl,Brimstone,Skye,Jett,Reyna,Veto,38.1,8,21
Pearl,Raze,Phoenix,Omen,Reyna,Neon,38.1,8,21
Pearl,Sova,Viper,Skye,Jett,Chamber,37.21,16,43
Pearl,Breach,Cypher,Sova,Astra,Waylay,35.0,7,20
Pearl,Sage,Astra,Chamber,Fade,Veto,35.0,7,20
Pearl,Breach,Sova,Viper,Omen,Neon,35.0,14,40
Pearl,Sova,Viper,Yoru,KAY/O,Chamber,35.0,7,20
Pearl,Cypher,Sova,Viper,Jett,KAY/O,35.0,7,20
Pearl,Sova,Viper,Jett,Neon,Harbor,35.0,7,20
Pearl,Viper,KAY/O,Neon,Harbor,Tejo,35.0,7,20
Pearl,Viper,Yoru,KAY/O,Chamber,Fade,31.58,6,19
Pearl,Jett,KAY/O,Clove,Tejo,Waylay,31.58,6,19
Pearl,Sova,Viper,Jett,KAY/O,Clove,31.58,6,19
Pearl,Sova,Viper,KAY/O,Chamber,Neon,29.73,11,37
Pearl,Sova,Viper,Jett,Reyna,Astra,27.78,5,18
Pearl,Sova,Viper,Yoru,Clove,Waylay,27.78,5,18
Pearl,Sova,Viper,Skye,Jett,Harbor,27.78,5,18
Pearl,Killjoy,Viper,Skye,Reyna,Yoru,27.78,5,18
Pearl,Sova,Viper,Astra,KAY/O,Waylay,22.0,11,50
Pearl,Sova,Viper,Yoru,Astra,KAY/O,18.75,3,16
Pearl,Yoru,Fade,Harbor,Iso,Vyse,18.75,3,16
Pearl,Sova,Phoenix,Jett,Yoru,Harbor,13.33,2,15
Pearl,Sova,Viper,Skye,Yoru,Astra,7.14,1,14
Split,Phoenix,Chamber,Deadlock,Vyse,Veto,100.0,13,13
Split,Cypher,Sova,Omen,Yoru,Waylay,100.0,13,13
Split,Raze,Viper,Reyna,Yoru,Clove,92.86,13,14
Split,Raze,Reyna,Astra,Chamber,Iso,86.67,13,15
Split,Viper,Sage,Reyna,Astra,Neon,86.67,13,15
Split,Raze,Reyna,Chamber,Clove,Waylay,86.67,13,15
Split,Raze,Cypher,Reyna,Iso,Clove,86.67,13,15
Split,Omen,Jett,Yoru,Fade,Iso,86.67,13,15
Split,Viper,Jett,Chamber,Fade,Clove,81.25,13,16
Split,Cypher,Viper,Omen,Reyna,Waylay,81.25,13,16
Split,Raze,Omen,Yoru,Fade,Waylay,81.25,13,16
Split,Phoenix,Jett,Reyna,Chamber,Harbor,76.47,13,17
Split,Sova,Deadlock,Iso,Clove,Tejo,76.47,13,17
Split,Viper,Omen,Jett,Reyna,Fade,76.47,13,17
Split,Astra,Chamber,Iso,Tejo,Waylay,72.22,13,18
Split,Killjoy,Yoru,Astra,Fade,Waylay,72.22,13,18
Split,Raze,Chamber,Gekko,Clove,Waylay,72.22,13,18
Split,Jett,Reyna,Chamber,Clove,Veto,72.22,13,18
Split,Omen,Chamber,Fade,Tejo,Waylay,72.22,13,18
Split,Raze,Phoenix,Omen,Jett,Chamber,72.22,13,18
Split,Raze,Viper,Neon,Fade,Clove,72.22,13,18
Split,Viper,Neon,Fade,Clove,Waylay,72.22,13,18
Split,Viper,Yoru,Fade,Clove,Veto,72.22,13,18
Split,Viper,Reyna,Iso,Clove,Waylay,72.22,13,18
Split,Raze,Phoenix,KAY/O,Clove,Tejo,72.22,13,18
Split,Viper,Omen,Reyna,Yoru,Iso,72.22,13,18
Split,Viper,Reyna,Clove,Tejo,Waylay,70.0,7,10
Split,Breach,Raze,Brimstone,Jett,Clove,68.42,13,19
Split,Raze,Jett,KAY/O,Chamber,Clove,68.42,13,19
Split,Raze,Viper,Reyna,Clove,Waylay,68.42,13,19
Split,Reyna,Yoru,Clove,Waylay,Veto,68.42,13,19
Split,Raze,Cypher,Omen,Reyna,Fade,68.42,39,57
Split,Cypher,Viper,Omen,Fade,Waylay,68.42,13,19
Split,Raze,Killjoy,Phoenix,Omen,Reyna,68.42,13,19
Split,Phoenix,Astra,KAY/O,Deadlock,Waylay,66.67,4,6
Split,Killjoy,Viper,Reyna,Astra,Waylay,66.67,6,9
Split,Breach,Omen,Chamber,Tejo,Waylay,66.67,6,9
Split,Breach,Viper,Omen,Neon,Tejo,66.1,39,59
Split,Breach,Omen,Chamber,Fade,Waylay,65.0,13,20
Split,Breach,Cypher,Omen,Jett,Fade,65.0,13,20
Split,Raze,Sage,Jett,Chamber,Clove,65.0,13,20
Split,Reyna,Yoru,Chamber,Clove,Waylay,65.0,13,20
Split,Viper,Omen,Tejo,Waylay,Veto,65.0,13,20
Split,Viper,Omen,Reyna,Neon,Waylay,64.1,100,156
Split,Killjoy,Viper,Brimstone,Reyna,Waylay,62.22,28,45
Split,Breach,Viper,Reyna,Astra,Waylay,61.9,13,21
Split,Reyna,Astra,Chamber,Deadlock,Waylay,61.9,13,21
Split,Raze,Cypher,Phoenix,Astra,Waylay,61.9,13,21
Split,Raze,Cypher,Reyna,Astra,Waylay,61.9,26,42
Split,Raze,Viper,Astra,Fade,Deadlock,61.9,26,42
Split,Reyna,Yoru,Chamber,Neon,Clove,61.9,13,21
Split,Raze,Cypher,Killjoy,Reyna,Clove,61.9,13,21
Split,Raze,Phoenix,Skye,Reyna,Clove,61.9,26,42
Split,Phoenix,Reyna,Chamber,Neon,Clove,61.61,69,112
Split,Raze,Reyna,Chamber,Clove,Tejo,60.94,39,64
Split,Viper,Reyna,Yoru,Neon,Clove,60.84,87,143
Split,Raze,Omen,Reyna,Yoru,Chamber,60.47,26,43
Split,Viper,Clove,Tejo,Waylay,Veto,60.47,26,43
Split,Breach,Viper,Omen,Reyna,Waylay,60.0,39,65
Split,Raze,Cypher,Viper,Omen,Fade,59.46,22,37
Split,Raze,Viper,Omen,Fade,Veto,59.46,44,74
Split,Cypher,Skye,Reyna,Deadlock,Clove,59.09,13,22
Split,Cypher,Yoru,Fade,Clove,Waylay,59.09,39,66
Split,Phoenix,Omen,Neon,Fade,Waylay,59.09,13,22
Split,Breach,Viper,Astra,Neon,Fade,59.02,36,61
Split,Breach,Viper,Omen,Tejo,Waylay,58.82,50,85
Split,Raze,Cypher,Phoenix,Omen,Reyna,58.82,20,34
Split,Raze,Cypher,Phoenix,Omen,Fade,58.54,96,164
Split,Raze,Viper,Skye,Omen,Fade,58.54,24,41
Split,Raze,Viper,Jett,Reyna,Clove,58.33,7,12
Split,Raze,Viper,Reyna,Clove,Tejo,58.33,7,12
Split,Raze,Reyna,Yoru,Clove,Tejo,58.33,7,12
Split,Viper,Omen,Jett,Reyna,Yoru,58.33,7,12
Split,Phoenix,Reyna,Chamber,Clove,Waylay,58.33,7,12
Split,Cypher,Viper,Omen,Yoru,Fade,58.33,7,12
Split,Viper,Reyna,Astra,KAY/O,Waylay,57.69,45,78
Split,Brimstone,Jett,Fade,Deadlock,Waylay,57.14,36,63
Split,Brimstone,Reyna,Gekko,Tejo,Waylay,57.14,4,7
Split,Viper,Yoru,Astra,Fade,Veto,56.63,111,196
Split,Yoru,Astra,Chamber,Tejo,Waylay,56.52,26,46
Split,Phoenix,Jett,Reyna,Chamber,Clove,56.52,13,23
Split,Raze,Reyna,Yoru,Chamber,Clove,56.52,13,23
Split,Raze,Phoenix,Reyna,Clove,Tejo,56.52,13,23
Split,Viper,Astra,KAY/O,Fade,Waylay,55.7,44,79
Split,Cypher,Viper,Yoru,Astra,Fade,55.32,26,47
Split,Viper,Omen,Neon,Fade,Waylay,55.17,32,58
Split,Viper,Omen,Yoru,Tejo,Waylay,55.17,144,261
Split,Viper,Jett,Yoru,Astra,Fade,55.1,27,49
Split,Breach,Raze,Cypher,Omen,Waylay,55.0,22,40
Split,Raze,Viper,Phoenix,Omen,Reyna,54.65,247,452
Split,Raze,Viper,Yoru,Astra,Fade,54.57,944,1730
Split,Breach,Raze,Viper,Astra,Fade,54.55,36,66
Split,Raze,Phoenix,Reyna,Astra,Waylay,54.55,54,99
Split,Raze,Viper,Omen,Reyna,Neon,54.31,63,116
Split,Breach,Viper,Yoru,Astra,Neon,54.17,13,24
Split,Raze,Yoru,Astra,Chamber,Fade,54.17,13,24
Split,Phoenix,Reyna,Astra,Waylay,Veto,54.17,13,24
Split,Cypher,Jett,Reyna,Yoru,Clove,54.17,13,24
Split,Killjoy,Omen,Neon,Fade,Waylay,54.17,13,24
Split,Raze,Viper,Omen,Reyna,Chamber,53.95,587,1088
Split,Viper,Omen,Chamber,Fade,Waylay,53.85,14,26
Split,Raze,Cypher,Omen,Jett,Reyna,53.85,14,26
Split,Breach,Viper,Astra,Fade,Waylay,53.78,64,119
Split,Breach,Raze,Viper,Omen,Reyna,53.76,50,93
Split,Viper,Omen,Yoru,Waylay,Veto,53.45,31,58
Split,Raze,Viper,Chamber,Fade,Clove,53.33,24,45
Split,Cypher,Viper,Omen,Reyna,Yoru,53.33,56,105
Split,Viper,Reyna,Chamber,Clove,Waylay,53.23,165,310
Split,Viper,Omen,Reyna,Chamber,Waylay,53.13,272,512
Split,Viper,Yoru,Astra,Tejo,Waylay,53.03,35,66
Split,Raze,Viper,Phoenix,Reyna,Astra,53.0,53,100
Split,Raze,Viper,Reyna,Astra,Chamber,52.61,121,230
Split,Raze,Viper,Phoenix,Omen,Fade,52.5,21,40
Split,Viper,Astra,Fade,Tejo,Waylay,52.38,22,42
Split,Breach,Raze,Cypher,Brimstone,Tejo,52.31,34,65
Split,Viper,Omen,Reyna,Neon,Deadlock,51.89,55,106
Split,Raze,Reyna,Astra,Chamber,Waylay,51.85,28,54
Split,Viper,Phoenix,Reyna,Neon,Clove,51.72,30,58
Split,Viper,Phoenix,Omen,Reyna,Waylay,51.69,275,532
Split,Raze,Viper,Omen,Reyna,Veto,51.69,61,118
Split,Raze,Viper,Omen,Yoru,Fade,51.69,1726,3339
Split,Raze,Viper,Omen,Reyna,Waylay,51.57,148,287
Split,Raze,Viper,Omen,Yoru,Tejo,51.35,19,37
Split,Viper,Omen,Reyna,Tejo,Waylay,51.35,76,148
Split,Sova,Phoenix,Astra,Deadlock,Waylay,51.35,19,37
Split,Raze,Viper,Omen,Neon,Tejo,51.32,39,76
Split,Raze,Killjoy,Viper,Omen,Reyna,51.25,144,281
Split,Viper,Reyna,Yoru,Clove,Waylay,51.22,21,41
Split,Breach,Raze,Viper,Astra,Tejo,50.98,52,102
Split,Viper,Phoenix,Reyna,Clove,Waylay,50.88,29,57
Split,Raze,Viper,Omen,Fade,Waylay,50.77,66,130
Split,Raze,Phoenix,Skye,Omen,Chamber,50.75,34,67
Split,Raze,Viper,Reyna,Yoru,Astra,50.36,69,137
Split,Raze,Cypher,Omen,Yoru,Fade,50.32,78,155
Split,Raze,Cypher,Viper,Omen,Reyna,50.27,94,187
Split,Breach,Raze,Phoenix,Omen,Deadlock,50.0,23,46
Split,Breach,Viper,Omen,Jett,Reyna,50.0,24,48
Split,Omen,Yoru,Chamber,Fade,Waylay,50.0,42,84
Split,Viper,Yoru,Fade,Clove,Waylay,50.0,34,68
Split,Viper,Phoenix,Omen,Jett,Yoru,50.0,18,36
Split,Omen,Yoru,Neon,Fade,Harbor,50.0,48,96
Split,Viper,Yoru,Astra,Neon,Fade,50.0,6,12
Split,Raze,Cypher,Phoenix,Reyna,Astra,50.0,3,6
Split,Omen,Yoru,Chamber,Tejo,Waylay,50.0,6,12
Split,Yoru,Fade,Deadlock,Clove,Veto,50.0,3,6
Split,Raze,Phoenix,Jett,Fade,Clove,50.0,6,12
Split,Cypher,Viper,Jett,Fade,Tejo,50.0,3,6
Split,Breach,Raze,Reyna,Chamber,Clove,50.0,4,8
Split,Viper,Omen,Chamber,Neon,Fade,50.0,6,12
Split,Skye,Omen,Yoru,Fade,Veto,50.0,3,6
Split,Raze,Killjoy,Skye,Omen,Reyna,50.0,6,12
Split,Raze,Viper,Reyna,Astra,Waylay,49.57,57,115
Split,Raze,Viper,Omen,Reyna,Deadlock,49.29,69,140
Split,Viper,Omen,Yoru,Neon,Fade,49.24,163,331
Split,Viper,Yoru,Astra,Fade,Waylay,48.75,371,761
Split,Raze,Viper,Astra,Chamber,Fade,48.72,38,78
Split,Viper,Omen,Yoru,Fade,Waylay,48.62,1379,2836
Split,Breach,Raze,Viper,Omen,Tejo,48.39,15,31
Split,Viper,Astra,Neon,Fade,Waylay,48.28,42,87
Split,Cypher,Omen,Yoru,Fade,Waylay,48.28,42,87
Split,Breach,Phoenix,Astra,Tejo,Waylay,47.62,30,63
Split,Raze,Viper,Omen,Reyna,Tejo,47.58,157,330
Split,Breach,Raze,Cypher,Omen,Reyna,47.5,19,40
Split,Viper,Omen,Reyna,Chamber,Neon,47.25,43,91
Split,Viper,Omen,Jett,Yoru,Fade,47.17,25,53
Split,Phoenix,Omen,Reyna,Tejo,Waylay,47.06,16,34
Split,Viper,Omen,Reyna,Yoru,Waylay,46.97,93,198
Split,Breach,Viper,Omen,Yoru,Fade,46.77,29,62
Split,Cypher,Omen,Jett,Reyna,Yoru,46.59,41,88
Split,Raze,Phoenix,Omen,Reyna,Chamber,46.31,69,149
Split,Raze,Phoenix,Reyna,Chamber,Clove,46.27,31,67
Split,Cypher,Phoenix,Omen,Jett,Fade,46.15,12,26
Split,Raze,Phoenix,Chamber,Fade,Clove,46.15,12,26
Split,Raze,Omen,Yoru,Chamber,Fade,46.15,12,26
Split,Raze,Viper,Reyna,Fade,Clove,46.15,12,26
Split,Raze,Phoenix,Omen,Reyna,Clove,46.15,12,26
Split,Raze,Viper,Reyna,Chamber,Clove,46.08,47,102
Split,Viper,Yoru,Astra,Chamber,Fade,45.95,51,111
Split,Breach,Viper,Omen,Fade,Waylay,45.85,320,698
Split,Raze,Phoenix,Omen,Reyna,Astra,45.83,11,24
Split,Raze,Cypher,Phoenix,Reyna,Clove,45.83,11,24
Split,Cypher,Omen,Yoru,Deadlock,Tejo,45.83,11,24
Split,Phoenix,Jett,Reyna,Astra,Waylay,45.83,11,24
Split,Raze,Jett,Reyna,Chamber,Clove,45.83,11,24
Split,Brimstone,Chamber,Fade,Clove,Waylay,45.83,11,24
Split,Raze,Viper,Omen,Fade,Tejo,45.83,11,24
Split,Raze,Phoenix,Omen,Jett,Reyna,45.83,11,24
Split,Breach,Cypher,Omen,Fade,Waylay,45.76,27,59
Split,Raze,Phoenix,Omen,Reyna,Yoru,45.45,5,11
Split,Cypher,Viper,Jett,Reyna,Clove,45.24,19,42
Split,Viper,Reyna,Astra,Tejo,Waylay,45.13,51,113
Split,Raze,Phoenix,Omen,Reyna,Waylay,44.07,26,59
Split,Raze,Jett,Reyna,Deadlock,Clove,43.75,21,48
Split,Raze,Killjoy,Phoenix,Reyna,Astra,43.48,10,23
Split,Raze,Phoenix,Reyna,Astra,Chamber,43.48,20,46
Split,Raze,Yoru,Astra,Fade,Veto,43.24,16,37
Split,Breach,Raze,Phoenix,Omen,Fade,42.86,27,63
Split,Viper,Phoenix,Omen,Yoru,Fade,42.42,28,66
Split,Raze,Viper,Phoenix,Reyna,Clove,42.22,19,45
Split,Breach,Raze,Cypher,Omen,Fade,41.67,5,12
Split,Raze,Viper,Omen,Reyna,Fade,41.56,32,77
Split,Breach,Sova,Killjoy,Astra,Neon,41.52,71,171
Split,Viper,Reyna,Astra,Waylay,Veto,41.46,17,41
Split,Phoenix,Reyna,Yoru,Astra,Waylay,41.46,17,41
Split,Viper,Omen,Reyna,KAY/O,Waylay,41.38,24,58
Split,Viper,Omen,Jett,Reyna,Chamber,41.07,23,56
Split,Jett,Reyna,Astra,Deadlock,Veto,40.91,9,22
Split,Cypher,Phoenix,Chamber,Deadlock,Clove,40.91,9,22
Split,Raze,Cypher,Omen,Reyna,Waylay,40.91,9,22
Split,Breach,Raze,Viper,Phoenix,Omen,40.91,9,22
Split,Cypher,Omen,Reyna,Deadlock,Waylay,40.91,9,22
Split,Viper,Skye,Omen,Fade,Waylay,40.91,9,22
Split,Breach,Raze,Viper,Omen,Fade,40.26,31,77
Split,Raze,Viper,Astra,Fade,Waylay,40.0,26,65
Split,Omen,Reyna,Yoru,Chamber,Waylay,39.58,19,48
Split,Raze,Viper,Omen,Jett,Reyna,39.02,32,82
Split,Raze,Omen,Reyna,Chamber,Deadlock,38.46,15,39
Split,Raze,Omen,Yoru,Astra,Fade,38.1,8,21
Split,Raze,Killjoy,Viper,Reyna,Astra,38.1,8,21
Split,Phoenix,Omen,Chamber,Fade,Waylay,38.1,8,21
Split,Cypher,Sage,Omen,Jett,Fade,38.1,8,21
Split,Raze,Killjoy,Viper,Omen,Fade,38.1,8,21
Split,Viper,Omen,Yoru,Chamber,Fade,37.5,21,56
Split,Viper,Reyna,Astra,Chamber,Waylay,37.28,63,169
Split,Viper,Reyna,Yoru,Astra,Waylay,36.96,34,92
Split,Raze,Viper,Omen,Chamber,Fade,36.67,22,60
Split,Viper,Omen,KAY/O,Fade,Waylay,36.59,15,41
Split,Raze,Cypher,Phoenix,Omen,Yoru,35.94,23,64
Split,Breach,Raze,Viper,Reyna,Astra,35.0,7,20
Split,Yoru,Astra,Fade,Tejo,Waylay,35.0,7,20
Split,Brimstone,Skye,Fade,Deadlock,Waylay,35.0,7,20
Split,Breach,Omen,Reyna,Chamber,Neon,35.0,7,20
Split,Viper,Omen,Reyna,Fade,Waylay,35.0,28,80
Split,Raze,Viper,Jett,Reyna,Astra,33.33,2,6
Split,Raze,Cypher,Phoenix,Omen,Tejo,33.33,4,12
Split,Phoenix,Jett,Reyna,Astra,Deadlock,33.33,4,12
Split,Raze,Viper,Omen,Reyna,Yoru,32.11,61,190
Split,Raze,Cypher,Omen,Reyna,Yoru,31.58,12,38
Split,Raze,Viper,Reyna,Astra,Veto,27.78,5,18
Split,Viper,Omen,Yoru,Fade,Veto,27.78,5,18
Split,Viper,Yoru,Astra,Fade,Tejo,27.78,5,18
Split,Raze,Viper,Omen,KAY/O,Fade,27.78,5,18
Split,Raze,Viper,Yoru,Fade,Clove,27.78,5,18
Split,Raze,Cypher,Omen,Fade,Waylay,27.78,5,18
Split,Phoenix,Chamber,Fade,Clove,Waylay,23.53,8,34
Split,Raze,Viper,Omen,Fade,Deadlock,20.83,10,48
Split,Breach,Viper,Astra,Tejo,Waylay,18.75,3,16
Split,Viper,Omen,Yoru,Fade,Tejo,16.13,5,31
Split,Breach,Raze,Viper,Omen,Yoru,13.33,2,15
Split,Skye,Jett,Yoru,Neon,Iso,13.33,2,15
Split,Sage,Phoenix,Omen,Neon,Tejo,13.33,2,15
Split,Breach,Viper,Omen,Neon,Fade,7.14,1,14
Split,Breach,Raze,Cypher,Fade,Clove,7.14,1,14
Split,Omen,Reyna,Yoru,Deadlock,Waylay,7.14,1,14
Sunset,Cypher,Sova,Skye,Omen,Neon,100.0,13,13
Sunset,Breach,Cypher,Omen,Neon,Fade,92.86,13,14
Sunset,Sage,Phoenix,Jett,Fade,Clove,92.86,13,14
Sunset,Sova,Phoenix,Omen,Yoru,Neon,92.86,13,14
Sunset,Sage,Brimstone,Chamber,Neon,Fade,86.67,13,15
Sunset,Sova,Brimstone,Phoenix,Omen,Neon,86.67,13,15
Sunset,Raze,Sova,Omen,Yoru,Chamber,86.67,13,15
Sunset,Cypher,Sova,Omen,Iso,Waylay,86.67,13,15
Sunset,Sova,Viper,Phoenix,Neon,Iso,86.67,13,15
Sunset,Sova,Chamber,Harbor,Iso,Clove,81.25,13,16
Sunset,Raze,Skye,Fade,Clove,Vyse,81.25,13,16
Sunset,Sova,Sage,Phoenix,Skye,Clove,81.25,13,16
Sunset,Breach,Skye,Astra,Chamber,Neon,76.47,13,17
Sunset,Raze,Sova,Astra,Chamber,Waylay,76.47,13,17
Sunset,Breach,Raze,Sova,Omen,Veto,76.47,13,17
Sunset,Skye,Jett,Chamber,Fade,Clove,76.47,13,17
Sunset,Sova,Jett,KAY/O,Chamber,Clove,76.47,13,17
Sunset,Phoenix,Skye,Fade,Clove,Waylay,76.47,13,17
Sunset,Breach,Sova,Omen,Neon,Veto,72.22,13,18
Sunset,Sage,Skye,Chamber,Clove,Waylay,72.22,13,18
Sunset,Raze,Cypher,Sova,Sage,Clove,72.22,13,18
Sunset,Raze,Sova,Neon,Clove,Vyse,72.22,26,36
Sunset,Raze,Phoenix,Chamber,Fade,Clove,68.42,13,19
Sunset,Sova,Phoenix,Chamber,Neon,Clove,68.42,13,19
Sunset,Omen,Chamber,Fade,Iso,Waylay,68.42,13,19
Sunset,Viper,Omen,Chamber,Neon,Fade,68.42,26,38
Sunset,Cypher,Yoru,Neon,Fade,Clove,68.42,13,19
Sunset,Cypher,Skye,Neon,Gekko,Clove,68.42,13,19
Sunset,Cypher,Sova,Skye,Neon,Clove,68.42,13,19
Sunset,Cypher,Sova,Phoenix,Omen,Neon,68.42,13,19
Sunset,Phoenix,Chamber,Neon,Fade,Clove,67.24,39,58
Sunset,Killjoy,Jett,Fade,Clove,Waylay,66.67,2,3
Sunset,Viper,Phoenix,Omen,Fade,Waylay,66.67,6,9
Sunset,Sova,Omen,Yoru,KAY/O,Neon,66.67,8,12
Sunset,Sova,Chamber,Neon,Clove,Vyse,65.85,27,41
Sunset,Breach,Phoenix,Omen,Chamber,Neon,65.0,13,20
Sunset,Raze,Cypher,Omen,KAY/O,Fade,65.0,26,40
Sunset,Raze,Phoenix,Omen,Reyna,Vyse,65.0,13,20
Sunset,Viper,Omen,Yoru,Chamber,Fade,63.64,56,88
Sunset,Raze,Sova,Omen,Chamber,Gekko,63.41,26,41
Sunset,Sova,Skye,Chamber,Neon,Clove,63.16,36,57
Sunset,Sova,Yoru,Chamber,Neon,Clove,62.94,124,197
Sunset,Breach,Omen,Chamber,Neon,Fade,61.9,13,21
Sunset,Sova,Omen,Chamber,Neon,Waylay,61.9,13,21
Sunset,Sova,Sage,Omen,Chamber,Waylay,61.9,13,21
Sunset,Sova,Phoenix,Omen,Chamber,Waylay,61.9,13,21
Sunset,Sova,Skye,Neon,Clove,Vyse,61.9,13,21
Sunset,Sova,Yoru,Neon,Clove,Vyse,61.9,26,42
Sunset,Raze,Sova,Skye,Clove,Veto,61.9,13,21
Sunset,Sova,Jett,Yoru,Harbor,Deadlock,61.9,13,21
Sunset,Sova,Omen,Yoru,Neon,Veto,61.9,39,63
Sunset,Breach,Cypher,Omen,Neon,Tejo,61.67,37,60
Sunset,Sova,Yoru,Chamber,Clove,Waylay,61.54,80,130
Sunset,Sova,Chamber,Neon,Clove,Waylay,60.94,39,64
Sunset,Cypher,Phoenix,Omen,Neon,Fade,59.65,34,57
Sunset,Breach,Raze,Omen,Fade,Vyse,59.62,31,52
Sunset,Sova,Jett,Astra,Chamber,Waylay,59.09,13,22
Sunset,Breach,Raze,Omen,Chamber,Gekko,59.09,13,22
Sunset,Sova,Skye,Jett,Deadlock,Clove,59.09,13,22
Sunset,Raze,Cypher,Omen,Neon,Fade,59.09,13,22
Sunset,Killjoy,Phoenix,Omen,Fade,Waylay,59.09,13,22
Sunset,Sova,Skye,Omen,Iso,Waylay,59.09,13,22
Sunset,Cypher,Sova,Yoru,Clove,Waylay,57.81,37,64
Sunset,Raze,Phoenix,Omen,Chamber,Fade,57.78,26,45
Sunset,Sova,Skye,Neon,Clove,Veto,57.73,56,97
Sunset,Phoenix,Omen,Neon,Fade,Veto,56.86,58,102
Sunset,Cypher,Yoru,Astra,Neon,Fade,56.52,13,23
Sunset,Sova,Brimstone,Omen,Yoru,Veto,56.52,13,23
Sunset,Sova,Skye,Omen,Chamber,Neon,56.52,13,23
Sunset,Sova,Skye,Omen,Chamber,Waylay,56.52,13,23
Sunset,Phoenix,Omen,Fade,Iso,Clove,56.52,13,23
Sunset,Phoenix,Omen,Yoru,Chamber,Fade,56.1,115,205
Sunset,Brimstone,KAY/O,Neon,Tejo,Veto,55.56,5,9
Sunset,Sova,Sage,Chamber,Neon,Clove,55.56,5,9
Sunset,Cypher,Sova,Omen,KAY/O,Neon,55.47,76,137
Sunset,Sova,KAY/O,Neon,Clove,Vyse,55.45,61,110
Sunset,Chamber,Fade,Iso,Clove,Waylay,55.32,26,47
Sunset,Sova,Phoenix,Omen,Yoru,Chamber,55.32,26,47
Sunset,Raze,Sova,Phoenix,Omen,Deadlock,54.93,39,71
Sunset,Yoru,Astra,Fade,Iso,Veto,54.17,13,24
Sunset,Sova,Chamber,Neon,Iso,Clove,54.17,13,24
Sunset,Cypher,Skye,Neon,Fade,Clove,54.17,13,24
Sunset,Sova,Phoenix,Yoru,Clove,Waylay,54.17,13,24
Sunset,Raze,Cypher,KAY/O,Fade,Harbor,54.17,13,24
Sunset,Cypher,Sage,Astra,Fade,Veto,53.85,14,26
Sunset,Breach,Sova,Chamber,Neon,Clove,53.85,14,26
Sunset,Raze,Skye,Omen,Chamber,Fade,53.85,14,26
Sunset,Cypher,Omen,Yoru,Neon,Fade,53.68,51,95
Sunset,Raze,Cypher,Omen,KAY/O,Gekko,53.57,15,28
Sunset,Breach,Sova,Omen,Jett,Chamber,53.33,16,30
Sunset,Cypher,Brimstone,Skye,Fade,Tejo,53.33,16,30
Sunset,Viper,Phoenix,Omen,Neon,Fade,53.23,107,201
Sunset,Sova,Viper,Phoenix,Omen,Neon,53.13,170,320
Sunset,Raze,Sova,Omen,Yoru,Veto,53.13,17,32
Sunset,Cypher,Sova,Sage,Omen,Jett,52.17,36,69
Sunset,Phoenix,Omen,Chamber,Neon,Fade,52.1,607,1165
Sunset,Sage,Omen,Chamber,Fade,Waylay,51.52,17,33
Sunset,Sova,Phoenix,Neon,Clove,Veto,51.35,19,37
Sunset,Cypher,Omen,Yoru,Fade,Waylay,51.35,38,74
Sunset,Sova,Phoenix,Omen,Chamber,Neon,51.21,423,826
Sunset,Raze,Viper,Omen,Fade,Veto,51.16,22,43
Sunset,Sova,Phoenix,Skye,Omen,Neon,51.16,22,43
Sunset,Sova,Phoenix,Jett,Chamber,Clove,51.11,23,45
Sunset,Phoenix,Yoru,Astra,Chamber,Fade,51.09,47,92
Sunset,Breach,Sova,Omen,Chamber,Neon,50.9,142,279
Sunset,Breach,Sova,Omen,Neon,Deadlock,50.79,32,63
Sunset,Sova,Phoenix,Omen,Neon,Veto,50.41,62,123
Sunset,Phoenix,Yoru,Chamber,Fade,Clove,50.0,53,106
Sunset,Raze,Sova,Phoenix,Omen,Waylay,50.0,17,34
Sunset,Sova,Viper,Omen,Deadlock,Waylay,50.0,27,54
Sunset,Raze,Sova,Astra,KAY/O,Veto,50.0,2,4
Sunset,Sova,Omen,Yoru,Chamber,Iso,50.0,6,12
Sunset,Phoenix,Skye,Neon,Fade,Clove,50.0,6,12
Sunset,Chamber,Neon,Fade,Deadlock,Clove,50.0,2,4
Sunset,Omen,KAY/O,Fade,Waylay,Veto,50.0,6,12
Sunset,Cypher,Sova,Omen,Neon,Deadlock,49.71,86,173
Sunset,Sova,Omen,Jett,Yoru,Chamber,49.18,30,61
Sunset,Breach,Cypher,Sova,Omen,Neon,48.8,527,1080
Sunset,Sova,Omen,Yoru,Neon,Vyse,48.62,106,218
Sunset,Cypher,Sova,Omen,Yoru,Neon,48.53,181,373
Sunset,Breach,Sova,Omen,Chamber,Waylay,48.44,31,64
Sunset,Phoenix,Yoru,Neon,Fade,Clove,47.83,22,46
Sunset,Raze,Sova,Viper,Phoenix,Omen,47.73,21,44
Sunset,Viper,Chamber,Neon,Fade,Clove,47.71,52,109
Sunset,Sova,Omen,KAY/O,Chamber,Neon,47.14,66,140
Sunset,Sova,Phoenix,Omen,Neon,Waylay,46.99,39,83
Sunset,Sova,Viper,Omen,Neon,Deadlock,46.82,243,519
Sunset,Raze,Cypher,Sova,Yoru,Astra,46.67,14,30
Sunset,Cypher,Omen,KAY/O,Tejo,Waylay,46.67,14,30
Sunset,Sova,Phoenix,Yoru,Chamber,Harbor,46.67,14,30
Sunset,Sova,Viper,Omen,Chamber,Waylay,46.59,41,88
Sunset,Breach,Neon,Fade,Clove,Vyse,46.43,13,28
Sunset,Sova,Viper,Omen,Yoru,Vyse,46.43,26,56
Sunset,Breach,Raze,Sova,Omen,Chamber,46.15,12,26
Sunset,Cypher,Omen,Jett,Yoru,Fade,46.15,12,26
Sunset,Sova,Jett,Astra,Waylay,Veto,46.15,12,26
Sunset,Sova,Killjoy,Yoru,Clove,Waylay,46.15,12,26
Sunset,Raze,Omen,Neon,Fade,Vyse,46.15,12,26
Sunset,Cypher,Sova,Jett,Astra,Vyse,45.83,11,24
Sunset,Cypher,Yoru,Fade,Clove,Waylay,45.83,11,24
Sunset,Cypher,Sova,Skye,Omen,Chamber,45.83,11,24
Sunset,Sova,Omen,Chamber,Neon,Iso,45.83,11,24
Sunset,Phoenix,Omen,KAY/O,Chamber,Neon,45.83,11,24
Sunset,Sova,Phoenix,Neon,Clove,Vyse,45.83,11,24
Sunset,Sova,Yoru,Neon,Clove,Veto,45.83,11,24
Sunset,Omen,Reyna,Iso,Waylay,Veto,45.83,11,24
Sunset,Sova,Omen,Yoru,Chamber,Waylay,45.71,48,105
Sunset,Omen,Chamber,Neon,Fade,Waylay,45.45,20,44
Sunset,Raze,Sova,Omen,Neon,Vyse,45.45,40,88
Sunset,Raze,Sova,Phoenix,Omen,Chamber,45.12,37,82
Sunset,Breach,Cypher,Sova,Omen,Waylay,44.92,53,118
Sunset,Cypher,Sova,Omen,Neon,Waylay,44.9,44,98
Sunset,Sova,Omen,Jett,Chamber,Iso,44.44,4,9
Sunset,Cypher,Sova,Viper,Omen,Neon,44.37,67,151
Sunset,Cypher,Sova,Omen,Chamber,Neon,44.19,19,43
Sunset,Raze,Cypher,Sova,Omen,Yoru,43.75,14,32
Sunset,Omen,Yoru,Chamber,Fade,Waylay,43.48,10,23
Sunset,Viper,Omen,Fade,Deadlock,Waylay,43.48,10,23
Sunset,Omen,Yoru,Neon,Fade,Veto,43.48,10,23
Sunset,Raze,Sova,Killjoy,Astra,Tejo,43.48,10,23
Sunset,Sova,KAY/O,Neon,Deadlock,Clove,43.48,10,23
Sunset,Sova,Sage,Omen,Chamber,Neon,42.86,3,7
Sunset,Sova,Skye,Omen,Neon,Veto,42.86,3,7
Sunset,Raze,Sova,Phoenix,Deadlock,Clove,42.86,3,7
Sunset,Sova,Omen,Yoru,Chamber,Neon,42.51,88,207
Sunset,Breach,Cypher,Omen,Fade,Waylay,42.42,14,33
Sunset,Sova,Brimstone,Omen,Neon,Vyse,41.82,23,55
Sunset,Raze,Cypher,Phoenix,Omen,KAY/O,41.67,5,12
Sunset,Raze,Cypher,Sova,Sage,Omen,41.67,5,12
Sunset,Sova,Omen,Yoru,Waylay,Veto,41.03,32,78
Sunset,Cypher,Sova,Astra,Neon,Vyse,40.91,9,22
Sunset,Breach,Raze,Sova,Omen,Vyse,40.91,9,22
Sunset,Cypher,Sova,Sage,Jett,Clove,40.91,9,22
Sunset,Raze,Sova,Yoru,Chamber,Clove,40.91,9,22
Sunset,Raze,Phoenix,Fade,Deadlock,Clove,40.91,9,22
Sunset,Sova,Neon,Deadlock,Clove,Veto,40.91,9,22
Sunset,Raze,Sova,Phoenix,Omen,Yoru,40.91,9,22
Sunset,Sova,Viper,Omen,Chamber,Neon,40.51,32,79
Sunset,Cypher,Sova,Omen,Yoru,Waylay,40.0,72,180
Sunset,Sova,Omen,Jett,Neon,Vyse,39.78,37,93
Sunset,Breach,Sova,Omen,Neon,Vyse,39.6,99,250
Sunset,Cypher,Sova,Omen,Jett,Yoru,39.06,25,64
Sunset,Breach,Raze,Cypher,Sova,Omen,38.54,37,96
Sunset,Sova,Clove,Vyse,Waylay,Veto,37.5,3,8
Sunset,Sova,Omen,Reyna,Chamber,Waylay,36.59,15,41
Sunset,Raze,Viper,Phoenix,Omen,Fade,36.59,15,41
Sunset,Breach,Sova,Neon,Clove,Vyse,35.0,7,20
Sunset,Sova,Phoenix,Omen,Yoru,Deadlock,35.0,7,20
Sunset,Cypher,Omen,KAY/O,Neon,Fade,31.58,12,38
Sunset,Breach,Viper,Omen,Tejo,Waylay,31.58,6,19
Sunset,Raze,Cypher,Omen,Jett,Fade,31.58,6,19
Sunset,Sova,Viper,Omen,Yoru,Waylay,27.78,15,54
Sunset,Sova,Viper,Omen,KAY/O,Neon,25.71,9,35
Sunset,Cypher,Sova,Jett,Neon,Clove,23.53,4,17
Sunset,Sova,Jett,Neon,Clove,Vyse,23.53,4,17
Sunset,Breach,Raze,Cypher,Omen,Yoru,18.75,3,16
Sunset,Breach,Omen,Neon,Gekko,Veto,18.75,3,16
Sunset,Raze,Cypher,Sova,Omen,Neon,18.75,3,16
Sunset,Cypher,Astra,KAY/O,Neon,Fade,13.33,2,15
Sunset,Cypher,Sova,Omen,Neon,Tejo,13.33,2,15
Sunset,Viper,Omen,Neon,Fade,Deadlock,7.14,1,14
Sunset,Raze,Sova,Skye,Omen,Chamber,0.0,0,13
